x-acc,y-acc,z-acc,x-gyro,y-gyro,z-gyro,x-rot,y-rot,z-rot,y
-0.50517654,0.4381389,9.165004,-0.2107166,0.12714161,-0.123782694,-0.027261088,0.030867392,0.99882984,0
-0.40940848,0.545878,8.865729,-0.17985407,0.12820584,-0.11526889999999998,-0.036770713,0.045975382999999995,0.9976450000000001,0
-0.5291186,0.6344634,9.131485000000001,-0.26392785,0.14523344,-0.11101199999999999,-0.045582555,0.06216876,0.9960960999999999,2
-0.45968673,0.521936,8.942344,-0.20007434,0.08670105,-0.16848016,-0.050152767,0.063772656,0.9951675,3
-0.21547815,1.0821792,8.774749,-0.1766614,0.14416921,-0.10569087,-0.02220352,0.06626706,0.9969828000000002,0
-0.4261679,0.94331545,8.944737,-0.21390927,0.18354553,-0.15358101,-0.029207003999999998,0.07711387,0.99559236,0
-0.533907,1.0007763,9.045294,-0.23945068,0.09521485,-0.19934268,-0.051996954000000005,0.08810889,0.99402577,7
-0.30166942,0.9552864999999999,8.851364,-0.28840503,-0.03462062,-0.21317762,-0.045433417000000004,0.084197916,0.99385613,5
-0.25857377,2.6168625,9.224859,-0.22242308,0.270812,-0.11526889999999998,-0.015378215,0.14128123,0.9875343000000001,0
-0.12928689,2.8323407000000005,8.942344,-0.4044056,0.07818725,-0.18763621,-0.026876155,0.17004655,0.9832377,1
-0.49559975,2.4085669999999997,8.966286,-0.2649921,0.021783315,-0.18125086,-0.03167397,0.16009402,0.98309296,3
-0.20829555,2.3199813,8.9519205,-0.23519377,0.13033429,-0.15145256,-0.033431318,0.1607102,0.98230577,6
-0.11252748,2.3008277,8.882488,-0.22455153,0.12607738,-0.12059002,-0.029687712,0.15861726,0.9817476,6
-0.18195933,2.2625206,8.863335000000001,-0.20858815,0.15481146,-0.08653482,0.029631741,-0.1269922,-0.99139804,0
-0.45010993,2.4349031,8.944737,-0.22135885,0.14949033,-0.08014947,0.043169662000000004,-0.15056124,-0.9876574,2
-0.50757074,2.2720973,8.973467999999999,-0.22667998,0.19525202,-0.13761763,-0.052743964000000004,0.15079679999999998,0.98709995,3
-0.6919243,2.1739352000000003,8.856152999999999,-0.18730363,0.15055457,-0.16103058,-0.055854343,0.1507328,0.9868109,6
-1.1228806,1.8770541,8.911219000000001,-0.22774419,0.11862781,-0.100369744,0.076003246,-0.10285664,-0.9909796000000001,0
-1.1563994,1.8962077000000002,9.062054,-0.28946924,0.111178234,-0.102498196,0.09037161,-0.123227015,-0.98773825,2
-1.0845733999999998,1.8962077000000002,9.138668,-0.25541407,0.10904978,-0.102498196,0.09888166,-0.12162198,-0.9873284999999999,3
-1.0223241,1.4556746,8.827422,-0.17453295,0.18035287,-0.11846157,0.088553265,-0.11150506,-0.9897674999999999,9
0.20590134,1.4556746,8.987833,-0.236258,0.10372865,-0.09611285,-0.00044368015,0.08306000000000001,0.99648625,0
0.15322891,1.5346833,8.832211000000001,-0.19156054,0.08989373,-0.08334214,-0.019498821,0.10020552,0.9945242,3
-0.16519992,1.7717092,8.858546,-0.24583602,0.107985556,-0.13442495,-0.042029962000000004,0.12394909999999999,0.9913878,1
-0.32321724,1.30484,9.167398,-0.2107166,0.16013259,-0.15677367,-0.029786222,0.10874985,0.9928002,9
0.038307227,2.1739352000000003,8.53054,-0.19581744,0.17609596,-0.12165425,-0.003671933,0.12911382,0.99003303,0
-0.038307227,2.56419,8.616732,-0.31501067,0.13565539999999998,-0.16635170000000002,-0.017594378,0.15642682,0.98610383,4
0.088585466,2.3774424,8.62152,-0.26712054,0.1814171,-0.11633313,-0.020816698999999998,0.15685466,0.98525715,5
-0.26336220000000005,2.6384103,8.786719999999999,-0.24796447,0.11330668,-0.100369744,-0.026030282999999998,0.16410857,0.9835625,2
0.17956513,2.3032220000000003,8.920795,-0.23306532,0.16226104,-0.11207622,0.007972293,0.13719565,0.9904578000000002,0
-0.074220255,2.6001031,9.421184,-0.28095546,0.32083058,-0.03545201,-0.018978665,0.15543732,0.98765194,4
0.021547815,2.3032220000000003,8.544906,-0.17027605,0.20589426,-0.10356242,-0.014968151,0.15503663,0.9874924,6
0.13407529999999998,2.3606830000000003,8.683769,-0.28521237,0.09521485,-0.20040691,-0.013921899,0.15873341,0.98683834,2
-0.45010993,2.4827871,8.710106,-0.236258,0.12501316,-0.12484692,-0.021496236000000002,0.14223474,0.9871849,0
-0.58657944,2.5617957000000002,8.329428,-0.16601914,0.24952751,-0.07802102,-0.033316474,0.1596858,0.9842368,7
-0.79487497,2.731784,8.542512,-0.20326702,0.12714161,-0.14825988,-0.045347534,0.1731446,0.98181915,1
-0.4405331,2.6719291000000003,9.028535,-0.42036897,0.018590644,-0.26638886,-0.038235884,0.16680853,0.9820040999999999,4
0.28491,1.8267759,9.105149,-0.24583602,0.17503174,-0.08440637,0.009884124000000001,0.10330802,0.99433845,0
0.50996494,1.9536686,8.805874000000001,-0.22242308,0.14949033,-0.04183736,-0.00373437,0.11955796,0.99251324,7
0.33997664,1.7956512999999998,8.90643,-0.2320011,0.19099513,-0.07695679,-0.009151363000000001,0.12402590000000001,0.99169225,2
-0.02873042,1.7357962,8.7292595,-0.19368899,0.15055457,-0.13336073,-0.017792385,0.12542664,0.9911708,3
0.16519992,2.1212628,9.179369,-0.18411097,0.28251848,-0.08653482,0.010883776999999999,0.113890626,0.9931667,0
0.32321724,2.6024973,8.820239,-0.20858815,0.19525202,-0.108883545,-0.016798439,0.14203097,0.9895052,7
-0.41180268,2.2146366000000004,9.16261,-0.31713912,0.12927006,-0.12910382,-0.021229394,0.14193577,0.9892109,4
-0.12210429,2.3774424,8.939949,-0.30330419999999997,0.08350837,-0.20147114,-0.019193296999999998,0.14088869,0.98927146,5
0.33758244,1.8028339,8.841787,-0.29691884,0.114370905,-0.14400297,-0.011194902,0.13437918,0.98959094,9
-0.61052144,0.7110779,9.033323,-0.17027605,0.14949033,-0.11633313,-0.030873016,0.036826346,0.99852145,0
-0.6847416999999999,0.7541734999999999,9.141062,-0.28308392,0.11649936,-0.15677367,-0.051537745,0.06322814,0.9959555,7
-0.5410896,0.7062895,9.030928999999999,-0.22135885,0.14310499,-0.11207622,-0.054646945999999995,0.06540673,0.9952764999999999,5
-0.6823475,0.79008657,9.267955,-0.20752391,0.08244415,-0.13442495,-0.055070274,0.070581324,0.9944318999999999,2
-0.06943185,2.0015526,8.50181,-0.20007434,0.261234,-0.12591115,0.010833733,0.113083966,0.9932880999999999,0
0.02633622,2.2146366000000004,8.784326,-0.25434983,0.19738047,-0.13016805,-0.01071745,0.138467,0.99007946,7
0.1436521,2.1499932,8.659827,-0.28308392,-0.050583996,-0.24404015,-0.010552768999999998,0.14119275,0.9893867000000001,5
0.06943185,2.0207062,8.458714500000001,-0.19368899,0.1697106,-0.079085246,-0.012102651,0.13936189999999998,0.98914886,6
0.035913024,2.0661959999999997,8.719683,-0.20965236,0.18780243,-0.12697537,-0.017051224,0.14551024,0.9880163000000001,3
-0.40701428,2.1787236,9.074024,-0.24477181,0.16013259,-0.12697537,-0.025368536,0.13203683,0.9906347,0
-0.5363011999999999,2.2744915,8.889671,-0.2660563,0.11649936,-0.16422325,-0.038653538,0.15385781,0.98690355,7
-0.6967127,2.267309,9.186552,-0.14047773,0.17077485,-0.021617085,-0.042741545,0.15624894,0.98606986,8
-0.6775591,2.2601264,8.808268,-0.24370758,0.26868355,-0.1791224,-0.04810033,0.15615262,0.9857136999999999,5
-0.60573304,2.0709844,8.719683,-0.20965236,0.094150625,-0.16422325,-0.049118172,0.15527746,0.9853876,6
0.16280572,1.6376339,9.062054,-0.26392785,0.13033429,-0.07482834,0.0037405042,-0.090755105,-0.99581337,0
0.12689269,1.733402,8.932767,-0.25222138,0.17183906,-0.09079172,-0.015205649,0.10775773,0.9940603000000001,8
-0.055066638,1.6903063999999999,8.925583999999999,-0.23945068,0.19418779,-0.08121369,-0.018453874,0.116003945,0.9930401,0
-0.059855044,1.5083469999999999,8.846575999999999,-0.17559716,0.14097653,-0.08227792,-0.031877425,0.112490915,0.9929123,6
-0.18435353,2.2002714,8.734048,-0.2149735,0.16013259,-0.09611285,0.028263273,-0.12552649,-0.99164474,0
-0.24420857,2.2720973,8.966286,-0.2234873,0.14204076,-0.088663265,0.039192475,-0.1363321,-0.9898718000000001,8
-0.34715924,2.2074540000000002,8.643068,-0.15856957,0.24420637,-0.114204675,0.044905763,-0.1465091,-0.9881861999999999,5
-0.47165772,2.2146366000000004,8.901641999999999,-0.20539546,0.2154723,-0.16528748,-0.04814951,0.15117362,0.98732704,2
0.32561144,2.4995465,9.006986999999999,-0.28201967,0.2154723,-0.07269989,0.010521325,0.14145724,0.9893964,0
0.40222588,2.3343467999999996,8.937555,-0.20858815,0.15161878,-0.100369744,0.0020321454,0.14914444,0.98806113,8
0.4309563,2.3630772,8.511387,-0.19581744,0.21227962,-0.10143397,-0.0045274747999999995,0.1587295,0.9864419,5
0.36152446,2.5187001,8.607155,-0.26392785,0.04306782,-0.18870044,-0.01293604,0.16961193,0.98451924,4
-0.4165911,1.1516110000000002,9.270349000000001,-0.16176224,0.12394893,-0.11739735,-0.035308495,0.06560707,0.9966674999999999,0
-0.50517654,1.0271125,9.291897,-0.19581744,0.15055457,-0.102498196,-0.04297162,0.07880024599999999,0.9948777,8
-0.4333505,1.0582372,9.519346,-0.17985407,0.13459119,-0.10569087,-0.048783485,0.08467042400000001,0.9935290000000001,6
-0.58657944,1.1851299,9.356541,-0.32778138,0.17290328,-0.11846157,-0.056253403,0.08654055,0.9923448,3
-0.6607997,2.1883004,8.635885,-0.21603772,0.21015117,-0.060993414,0.034031995,-0.118379444,-0.9923525,0
-0.29688102,2.255338,8.662222,-0.19581744,0.16332527,-0.079085246,-0.045953535,0.13431531,0.9898695,8
-0.7254431,2.3511062000000003,8.714894000000001,-0.15644112,0.31444523,-0.12059002,0.060228117000000005,-0.15063128,-0.98675334,7
-0.6703765,2.6719291000000003,8.561666,-0.38205683,-0.09634567,-0.17699395,0.07215711,-0.16582133,-0.98349494,1
-0.15801731,1.9967641999999999,9.234436,-0.2149735,0.24846327,-0.11846157,0.00025027827,-0.10147157,-0.9948384,0
-0.11971009,1.8171991000000003,9.050082000000002,-0.22135885,0.22079343,-0.088663265,-0.014847066,0.11561031,0.9931741,8
-0.0023942017,2.0207062,8.748413000000001,-0.27776277,0.22079343,-0.14293875,-0.025326725,0.12847526,0.99137795,7
0.1364695,1.7932571,9.222465,-0.28521237,0.28890383,-0.13123228,-0.020888261,0.12683524,0.9915591999999999,5
-0.023942016,1.7381904,8.743625,-0.22135885,0.07818725,-0.21956296,-0.022329746,0.12699660000000002,0.99120456,6
-0.45250413,1.6328455,9.581595,-0.17134026,0.21334384,-0.042901587000000005,-0.02003404,0.09073397,0.9942919,0
-0.29209262,1.5394716999999998,8.798691,-0.1681476,0.14949033,-0.11207622,-0.026355363,0.10435646,0.99237335,8
-0.031124622,1.8986019,8.896853,-0.23732223,0.23994946,-0.16848016,-0.037347604,0.116325,0.99052113,7
-0.36631286,1.6089035,8.853758000000001,-0.3086253,0.18354553,-0.14081029999999997,-0.037025336,0.11711517,0.9897249,5
-0.19393034,1.3575124,8.966286,-0.27563432,0.07499458,-0.07802102,-0.041269906,0.10659844,0.9894553,9
0.24181437,1.7908629,8.916007,-0.18836787,0.16438949,-0.09292017,0.007772648199999999,0.095689796,0.99532455,0
0.29448682,1.7549498,9.157822,-0.17134026,0.13671963,-0.12697537,-0.0028917672999999996,0.10874211,0.99388015,8
0.2873042,1.7812861,8.671799,-0.23945068,0.23143567,-0.09611285,-0.01768185,0.12328101,0.99203146,7
0.2825158,1.6950948000000001,9.629479,-0.19049633,-0.015464567,-0.30044407,-0.01010896,0.11882842,0.9921489,5
0.06703765,1.6208745,8.817844000000001,-0.21923040000000002,0.18035287,-0.09611285,0.012269667,-0.09254392,-0.9954949000000001,0
0.22266077,1.6424223000000002,9.861717,-0.16708337,0.32295904,-0.07482834,0.016185861,-0.10169578,-0.9946537,8
0.24899697,1.4556746,9.196128999999999,-0.4054698,0.079251476,-0.08014947,-0.021926895,0.10751402,0.99396175,7
0.01436521,1.6017209,8.918402,-0.107486755,0.10585710400000001,-0.093984395,-0.027860012000000003,0.113762714,0.99310976,9
0.093373865,1.6783354,9.490616000000001,-0.34161627,0.007948390999999999,-0.24936128,-0.025218379,0.11936591,0.9924381999999999,4
-0.61052144,0.8595184000000001,9.49301,-0.4022771,0.1016002,-0.10994777,-0.03250497,0.038824357000000004,0.99655604,0
-0.47165772,0.8283938,9.141062,-0.278827,0.21334384,-0.08440637,-0.041804193999999996,0.05411445,0.9944433000000001,8
-0.50517654,0.5267244000000001,9.258378,-0.2022028,0.18460977,-0.10569087,-0.04506044,0.055098444,0.99343073,9
-0.35434186,0.6823475,8.789114,-0.22987264,0.08350837,-0.11526889999999998,-0.04511315,0.06509138,0.9924369000000001,5
-0.2657564,2.2720973,9.13388,-0.2320011,0.1697106,-0.10781932,-0.021347815,0.12761173,0.9914651,0
-0.40940848,2.1380222,8.884883,-0.16176224,0.17077485,-0.12697537,-0.03247908,0.1354523,0.9898347,9
-0.5554548,2.2122424,8.90643,-0.21390927,0.15693991,-0.04928694,-0.039600965,0.14824589999999999,0.9874702,6
-0.12928689,2.3511062000000003,8.89446,-0.19156054,0.21972919,-0.12591115,-0.039647784,0.15620151,0.9862498,5
-0.24420857,2.3582888,8.887277000000001,-0.2107166,0.23037145,-0.1195258,-0.04164406,0.16069865,0.9852296999999999,2
0.12689269,2.2218192,9.097966,-0.20433125,0.20376581,-0.08972749,0.0072721536,0.12051271,0.9917176,0
0.04070143,2.0111293999999997,8.7292595,-0.18091829,0.16438949,-0.108883545,-0.009936551,0.1354634,0.9886720999999999,9
0.17238252,2.2290018,8.980651,-0.15218422,0.25165594,-0.06631454,-0.0113692265,0.14490435,0.9871764000000001,8
0.25857377,2.2577322,8.62152,-0.32139602,0.09521485,-0.1791224,-0.021724572,0.1593961,0.9847458,7
-0.4141969,1.8195933000000002,8.724471000000001,-0.24370758,0.11756358,-0.15145256,-0.02492707,0.09033484,0.99515337,1
-0.2705448,1.520318,9.205706,-0.34374475,-0.091024555,-0.16103058,-0.025638462999999997,0.09564226,0.99394333,2
-0.46208093,1.2401965,9.033323,-0.21178082,0.1814171,-0.099305525,-0.032416098,0.09743979,0.99252313,0
-0.40940848,1.328782,9.205706,-0.22987264,0.1399123,-0.099305525,-0.03687343,0.105791256,0.99081856,8
-0.059855044,2.6671407000000005,8.765172,-0.28521237,0.19950892,-0.108883545,-0.006651796,0.14527301,0.9882259,1
-0.30645782,2.645593,9.215282,-0.3086253,0.11862781,-0.13548918,-0.011595298,0.15198810000000001,0.98631144,2
-0.25857377,2.4013843999999995,8.3821,-0.29159772,0.09627908,-0.1578379,-0.027524628,0.16454706,0.98329,2
-0.19632454,2.2146366000000004,9.141062,-0.39376333,-0.060162015,-0.2504255,-0.020817656,0.15637457,0.9835765999999999,8
0.019153614,2.7006595,9.220071,-0.27350587,0.20057315,-0.11739735,-0.02310906,0.14253572,0.9893561,1
-0.36391866,2.6671407000000005,8.688558,-0.30436840000000004,-0.0974099,-0.23765479,-0.03202786,0.14806531,0.98800904,2
-0.320823,2.183512,9.085996000000002,-0.20645970000000002,0.17183906,-0.16422325,-0.03667052,0.14280158,0.98806214,3
-0.4141969,1.9273324,8.880094999999999,-0.20965236,0.18673822,-0.1493241,-0.03862123,0.14195465,0.98748744,6
-0.33758244,2.2002714,9.361329,-0.2320011,0.08350837,-0.11526889999999998,-0.03853043,0.14182228,0.98694485,9
-0.36152446,2.1212628,9.397242,-0.2532856,0.30699566,-0.12271847,-0.0016047598000000001,0.11003029,0.9923533000000001,1
-0.17477672,2.2960392999999995,9.356541,-0.2660563,0.085636824,-0.1450672,-0.008687769,0.11702064400000001,0.9907875,2
-0.050278235,1.8315643,9.184157,-0.28095546,0.14204076,-0.13442495,-0.016540691,0.11700997,0.98980546,3
-0.29209262,1.6735470000000001,9.131485000000001,-0.17240450000000002,0.14204076,-0.12059002,-0.01970536,0.11953527,0.98858696,6
-0.6751649000000001,2.0446482,8.662222,-0.26818475,0.05477429599999999,-0.11846157,-0.034895845,0.10217316,0.9928235000000001,1
-0.24660277,1.5873556999999998,9.138668,-0.354387,0.09202218,-0.21104917,-0.02895393,0.09764724,0.9926741,2
-0.0047884034,1.3551182,9.0476885,-0.3884422,0.050517395,-0.15038833,-0.019928496,0.0969974,0.99215394,3
-0.1604115,1.2210428999999998,9.102755,-0.25222138,0.13671963,-0.17699395,-0.023977106,0.09644101599999999,0.9910133,6
0.48602295,2.3439236,8.674192,-0.23519377,0.15268302,-0.13336073,0.016546708,0.13362624,0.9906186,1
0.31364042,2.3247697,8.724471000000001,-0.2234873,0.15374723,-0.1578379,0.008626624,0.14557499,0.98869586,2
0.32561144,2.2385786,9.035717,-0.29053348,0.23356412,-0.16528748,0.0025287822,0.15692179999999997,0.9867549000000001,4
0.18914193,2.3295584,8.90643,-0.25967094,0.107985556,-0.14613143,-0.0015688483,0.16084325,0.98600304,4
-0.36631286,2.0709844,8.736442,-0.30223995,0.13033429,-0.12910382,0.034823254,-0.10939769999999999,-0.99323976,1
-0.5315128,1.7262194,8.99741,-0.23306532,0.16119681,-0.13761763,-0.03280408,0.10791521,0.9936185,2
-0.095768064,1.7956512999999998,9.105149,-0.29372615,0.08776528,-0.12591115,-0.037469584,0.11470956,0.9926084999999999,5
-0.4261679,1.9416976000000001,9.090784,-0.2234873,0.23994946,-0.08972749,-0.039337736,0.11411031,0.9923561,6
0.260968,2.9113493,8.365341,-0.28627658,-0.015464567,-0.13336073,-0.0066856993,0.16422735,0.9850156999999999,1
-0.2777274,2.621651,8.765172,-0.23306532,0.111178234,-0.060993414,-0.015074431999999999,0.15957686,0.9838768,3
-0.15562311,2.5737667,8.635885,-0.24157913,0.1984447,-0.14719565,-0.016199127,0.17054231,0.98163533,0
0.02633622,2.6120741,8.346188,-0.23838645,0.08882949999999999,-0.15464523,-0.019774916,0.1794875,0.9794859,5
-0.33758244,2.7964275,9.069236,-0.38524953,-0.00588654,-0.1578379,0.04505266,-0.14673476,-0.98799026,1
-0.7374141,2.4420857000000002,8.848969,-0.16069801,0.07180189999999999,-0.08972749,-0.048707232,0.14581814,0.98810667,3
-0.50517654,2.5019407000000005,8.755595,-0.2107166,0.16226104,-0.085470594,-0.05070857,0.15755473,0.9862015,2
-0.62249243,2.5546130000000002,8.817844000000001,-0.40653402,0.04093937,-0.32598546,-0.053138644000000006,0.16526142,0.98477596,1
0.22744916,2.1164744,8.7292595,-0.27669856,0.25591284,-0.039708912,0.0061281007,0.11085052,0.99379873,1
0.320823,1.8004397,8.789114,-0.16601914,0.13565539999999998,-0.017360184,-0.0023211522,0.11307711,0.9933163,3
0.06703765,1.745373,8.760384,-0.21284504,0.16651794,-0.108883545,-0.011634317,0.12561478,0.99147403,3
0.58418524,1.9776106,8.825027,-0.23732223,-0.0101434365,-0.07057144,-0.015725162,0.1385632,0.9895003000000001,4
-0.21308395,1.9416976000000001,8.451532,-0.43313965,0.030297115,-0.29193026,0.008657020999999999,-0.10752039,-0.9941471,1
0.047884032,1.6543933000000002,9.081207000000001,-0.2660563,0.15481146,-0.0982413,-0.009236379,0.097868435,0.99506664,3
-0.12210429,1.5466543,8.985439,-0.26286364,0.13246274,-0.14825988,-0.014732125,0.10269001,0.99436337,3
-0.07182605,1.3383588,9.107543,-0.27350587,0.15055457,-0.05780074,-0.015454888,0.09921664,0.99440724,9
0.37828386,2.315193,8.858546,-0.29479040000000006,0.007948390999999999,-0.10143397,0.00694038,0.1307457,0.99108326,1
0.46447513,2.3056161,8.963891,-0.07556,0.16758215,-0.1195258,0.0011111680999999999,0.13505585,0.9899771999999999,3
0.40701428,2.5761611,8.99741,-0.30223995,0.04945317,-0.09079172,-0.00827509,0.15000537,0.98760235,4
0.35913026,2.1547816,8.939949,-0.28095546,-0.04100596,-0.2419117,-0.0071613886,0.15065344,0.98701715,5
0.19393034,1.9967641999999999,9.598353999999999,-0.5321126,-0.286842,-0.093984395,0.009521726999999999,0.09066807,0.9949014000000002,1
-0.14604631,1.6496049,9.208099,-0.26392785,0.21760075,-0.052479614,0.0034944229,0.088598646,0.9946624,3
-0.18435353,1.7142484,9.208099,-0.3299098,0.048388943,-0.10781932,-0.0071758977,0.106653325,0.99267274,4
0.38067806,1.5610195,9.088389,-0.29798305,-0.04419864,-0.18550776,-0.0018725806,0.10540068,0.99179333,5
-0.016759411999999998,2.291251,8.815451,-0.36077234,0.17928864,-0.12697537,-0.010784871000000001,0.13074331,0.9912011999999999,1
-0.26815059999999996,2.3894134,8.791509,-0.18304674,0.22717878,-0.0982413,-0.015230416,0.13044679,0.99084806,3
-0.011971008,2.384625,8.791509,-0.30330419999999997,0.26442665,-0.13336073,-0.020704511999999998,0.14421014,0.98874635,4
-0.016759411999999998,2.0829554,8.374918,-0.30649686,-0.1612634,-0.23552634,-0.02000215,0.1456345,0.98810214,5
-0.19871874,2.3702598,8.844180999999999,-0.21284504,0.22717878,-0.021617085,-0.020208897,0.113174915,0.99335617,1
-0.18435353,1.7836802999999999,8.667010000000001,-0.1394135,0.19525202,-0.06631454,-0.021164676,0.10867076,0.9936083,3
0.0047884034,1.9201498,8.664616,-0.36290079999999997,0.024975993,-0.2557466,-0.029166419,0.12101353,0.9919396,4
-0.059855044,1.7094599999999998,9.272743,-0.2149735,0.17716019,-0.08653482,-0.02522357,0.11230587,0.9924145000000001,6
0.04309563,2.2242134,8.568848,-0.28627658,0.12607738,-0.099305525,0.021732636,-0.11408095,-0.9932171999999999,1
0.08619126,1.7645266,8.734048,-0.15537688,0.1399123,-0.08121369,-0.016244678000000002,0.10519606,0.9941375,3
-0.10295067,1.8842366999999998,8.887277000000001,-0.43207544,0.03136134,-0.22488409999999998,-0.027453825,0.12367688,0.9917176999999999,4
0.038307227,1.6208745,8.803479,-0.28414813,0.06435232,-0.14187452,-0.028274365,0.12232057,0.9913323,8
-0.39743748,2.2744915,9.01417,-0.34587318,0.20376581,-0.12059002,-0.017482644,0.10829481,0.99396354,1
-0.21787235,1.7310078000000002,9.040505,-0.23093687,0.12820584,-0.09611285,-0.01770593,0.10685951,0.9939002,3
-0.31603462,2.054225,8.75799,-0.29691884,0.14629766,-0.17592973,-0.026699057,0.12285169,0.99185175,4
-0.23702596,1.4820108,9.006986999999999,-0.25647828,0.14310499,-0.12484692,-0.03252554,0.118701294,0.99132913,8
0.15322891,2.4061728,8.47308,-0.2022028,0.13459119,-0.09717707,-0.006621200000000001,-0.13277505,-0.99112403,1
0.17238252,2.336741,8.755595,-0.27137744,0.16438949,-0.11846157,-0.0005775805,0.1393109,0.9900542,3
0.055066638,2.2361843999999995,8.700529,-0.12983549,0.23356412,-0.09292017,-0.0048943628000000005,0.14499384,0.988949,6
-0.04309563,2.6384103,8.911219000000001,-0.24796447,0.21015117,-0.08653482,-0.014367991,0.15783727,0.9869176,4
-0.074220255,2.779668,9.452309,-0.30968952,-0.06867582,-0.108883545,-0.0026275453000000003,-0.13775003,-0.9904634,1
0.19153613,2.4516625,9.502586,-0.17985407,0.10585710400000001,-0.09185594,0.012168038999999999,0.13150685,0.9909082,3
0.40222588,2.2697031,8.664616,-0.15111998,0.25697708,-0.028002432999999997,0.009574705,0.13629259,0.98994005,6
0.46208093,2.4109612,8.611943,-0.33523095,0.04093937,-0.20253536,0.001977752,0.15569360000000002,0.98739606,4
-0.6823475,2.1092918,9.148245,-0.41185516,0.11330668,-0.093984395,-0.023775453,0.103903845,0.99256414,1
-0.5363011999999999,1.7860744999999998,8.937555,-0.17134026,0.11330668,-0.14719565,-0.029329503,0.10344765,0.99204355,3
-0.16280572,1.5921441,9.081207000000001,-0.107486755,0.28677538,-0.04183736,-0.032784827,0.11072404,0.9906113999999999,6
-0.44532153,1.6160861,9.150639,-0.2990473,-0.03462062,-0.24510437,-0.034461103,0.12141727,0.9889385,4
-0.45729253,2.3822308,8.090008000000001,-0.1851752,-0.051648222,-0.12591115,-0.0267914,0.12082574,0.99109966,1
-0.107739076,1.8195933000000002,9.136273,-0.14367041,-0.03887751,-0.21956296,-0.030434207999999997,0.11855434,0.9906729,3
-0.5530606,1.7022773999999998,8.908825,-0.09365183,0.19312356,-0.052479614,-0.03846982,0.12937647,0.9885223,6
-0.26336220000000005,1.8746599,8.959103,-0.2575425,0.0058199390000000005,-0.25681084,-0.039404135,0.13269928,0.98753566,5
-0.12210429,2.3391352000000003,9.284714,-0.3299098,0.14629766,-0.102498196,0.005765409,0.1149174,0.99255085,1
0.41180268,1.7717092,9.088389,-0.2149735,0.102664426,-0.013103284,-0.0015073683,0.11083491,0.9929911,3
0.35673606,1.8674773,9.639056,-0.22242308,0.23569258,-0.047158487,-0.0058648866,0.11736860000000002,0.99208105,6
0.40462008,1.9847932000000001,9.222465,-0.29479040000000006,0.11862781,-0.15145256,-0.011059119,0.13622144,0.989627,5
-0.8834603999999999,0.9816226999999998,9.121908,-0.29585459999999997,0.079251476,-0.18125086,-0.053887278,0.07097793,0.9956944999999999,1
-0.4381389,0.60812724,9.248801,-0.2649921,-0.025042586000000002,-0.16954438,-0.034330495,0.060746737,0.99563515,3
-0.29448682,0.51714754,8.911219000000001,-0.19262478,0.12075625,-0.13548918,-0.03622482,0.06725556,0.9938041,6
-0.36631286,0.4141969,9.277532,-0.25115716,0.11543513,-0.10462664,-0.035158853999999996,0.06680483,0.9930498,6
0.29448682,1.8986019,8.9519205,-0.38312107,-0.10698793,-0.21637028,0.007522096,0.11120145,0.9934940000000001,1
0.095768064,1.7190368000000003,8.7532015,-0.22667998,0.11969203,-0.22381987,0.0029208271,0.10764080000000001,0.9933438,3
-0.21068975,1.5131354,8.884883,-0.19049633,0.16651794,-0.19295734,-0.00027478527,0.11071328,0.9925263000000001,6
0.18914193,1.6472107,8.925583999999999,-0.18411097,0.1399123,-0.10462664,-0.0031411077,0.11492708,0.99198073,9
0.21547815,1.9416976000000001,8.468291,-0.41185516,-0.09208878,-0.2600035,-0.012952195,0.12961484,0.99009985,4
0.0023942017,2.2744915,8.535328999999999,-0.40759826,0.14097653,-0.19402157,-0.0024499581,0.12591456,0.99097985,1
-0.02633622,1.7405846,8.475474,-0.29053348,-0.036749072,-0.2121134,-0.0015269091,0.11504676,0.9908973,3
0.13168110000000002,1.5610195,9.002198,-0.20858815,0.060095422,-0.18870044,-0.0022188853,0.114968695,0.9901458000000001,6
0.04070143,1.5634137,9.112331,-0.18836787,0.19099513,-0.08227792,-0.006962364499999999,0.1172839,0.9895947,9
-0.1388637,2.0829554,9.028535,-0.29479040000000006,-0.015464567,-0.14293875,-0.022245456,0.13842103,0.9871821,7
0.062249242999999996,2.1763293999999997,8.698134,-0.3245887,0.013269514,-0.18550776,-0.0057531027,0.124862745,0.99181265,1
-0.15083471,2.1212628,8.726865,-0.27031320000000003,0.10372865,-0.13442495,-0.015033417,0.1311827,0.9904246999999999,3
-0.06464344,2.3223755,9.062054,-0.22561574,0.057966974000000004,-0.13868184,-0.016935473,0.13445723,0.9896756999999999,6
0.06943185,1.8890251,8.820239,-0.14579886,0.3974548,-0.009910606,-0.015408231000000001,0.13083911,0.9894769,9
0.16280572,2.2649147999999997,8.480263,-0.27031320000000003,0.02284754,-0.21317762,-0.018751703,0.14910313,0.9872675999999999,7
-0.19871874,2.2266076,9.052477,-0.38524953,-0.031427942,-0.20466381,-0.010911928999999999,0.11001993,0.9938427,1
0.21308395,1.7262194,9.083601,-0.28201967,0.04306782,-0.10356242,-0.008961811,0.105705984,0.9940101,3
0.08140286,1.6232687,9.018958,-0.25115716,0.15268302,-0.16635170000000002,-0.013368195,0.10964934,0.99311334,6
0.011971008,1.4748282,9.02614,-0.21178082,0.25910553,-0.055672288,-0.015605366,0.11080222599999999,0.99244136,9
-0.10295067,1.9464860000000002,8.779537,-0.2649921,0.035618246,-0.15890212,-0.028709507999999998,0.1291318,0.99027216,7
-0.6631939,2.1930888,8.7771435,-0.21603772,0.22398609,-0.05992919,0.025792085,-0.10712089999999998,-0.99385744,1
-0.37349546,1.6950948000000001,8.643068,-0.21390927,0.079251476,-0.17699395,-0.026238652,0.10577279,0.99402297,3
-0.16280572,1.7070657999999999,9.148245,-0.24051489999999998,0.10585710400000001,-0.12484692,-0.028098788,0.109652996,0.9934069999999999,6
-0.21787235,1.6950948000000001,8.748413000000001,-0.16495492,0.1814171,-0.08653482,-0.034371484,0.114676744,0.9923929,9
-0.25378537,1.7142484,8.841787,-0.27669856,0.050517395,-0.20147114,-0.03788065,0.1279059,0.99065477,7
-0.5746084,1.8938134999999998,8.832211000000001,-0.24264336,0.059031195999999994,-0.20998494,-0.024288057999999998,0.09331315,0.9939507,1
-0.5578489999999999,1.3838485,9.267955,-0.26924899999999996,0.14736189,-0.1791224,-0.030517377000000002,0.088833824,0.9935403,3
-0.50757074,1.3192052,9.119514,-0.21710195,0.122884706,-0.15464523,-0.03264518,0.09211185,0.9922033000000001,6
-0.48841715,1.2856863,9.294291000000001,-0.22242308,0.14204076,-0.08972749,-0.03726588,0.09682214,0.99110234,9
-0.33518824,1.6543933000000002,9.224859,-0.29585459999999997,0.09202218,-0.20253536,0.023437714,-0.08980697,-0.9956712999999999,1
-0.44532153,1.4867992,8.942344,-0.2532856,0.11756358,-0.12271847,-0.03329964,0.09527841,0.99485195,3
-0.17956513,1.3718776000000001,9.0237465,-0.17878984,0.23249989999999998,-0.0067179315000000005,-0.03913821,0.089885995,0.99488956,9
-0.20111294,1.7429788,9.148245,-0.35757968,0.032425567999999995,-0.11633313,-0.053984754,0.114691,0.9917488999999999,7
0.4141969,2.3439236,8.882488,-0.40866247,-0.15487808,-0.30470097,0.007652865,0.14192659,0.9897695,1
0.50757074,2.3319526,8.576031,-0.23838645,0.17077485,-0.09185594,0.006614598,0.14263135,0.9892957,3
0.38067806,2.4827871,8.348581,-0.17453295,0.34105086,-0.07802102,-0.0008883513499999999,0.15416822,0.9874622999999999,9
0.29209262,2.5354595,8.39886,-0.19049633,0.12182048,-0.12165425,-0.0049793655,0.1684135,0.9852424000000001,7
-0.17717093,2.4181437000000003,8.856152999999999,-0.31075376,0.19631624,-0.11101199999999999,0.020697126,-0.11610933,-0.9929336999999999,1
-0.08619126,2.1308396000000003,8.892064999999999,-0.27669856,0.23994946,-0.14613143,0.028234607999999998,-0.12459475,-0.99179476,4
-0.107739076,1.8052281000000003,8.932767,-0.27137744,0.0462605,-0.22062719,-0.032000277,0.12349929999999999,0.9918011,5
-0.37588966,1.685518,8.918402,-0.19688167,0.14629766,-0.11739735,-0.031069025,0.11968350400000001,0.99202514,6
-0.15322891,1.7621324,8.896853,-0.19262478,0.20483005,-0.09611285,-0.032439385,0.12124506,0.99162495,9
-0.4405331,2.966416,8.549694,-0.28201967,0.122884706,-0.17805818,-0.028671885,0.15346281,0.98704517,1
-0.34955344,2.7006595,8.834603999999999,-0.3586439,0.12501316,-0.32917815,-0.030001936,0.15506247,0.9861791,4
-0.34476504,2.4109612,9.002198,-0.30330419999999997,0.08457260000000001,-0.14719565,-0.029249623,0.14822176,0.9861341999999998,5
-0.50278234,2.2744915,8.702923,-0.22774419,-0.0101434365,-0.2940587,-0.031230453,0.15047424,0.9840385,6
-0.22984336,2.1619642000000003,8.669404,-0.32033178,0.11862781,-0.18657199,0.029882599,-0.115450665,-0.9928541999999999,1
-0.28012159999999997,2.1068976000000004,8.595184,-0.36502925,0.10479288,-0.22381987,-0.04024014,0.12261801,0.9916351000000001,4
-0.45968673,1.8124107,8.564059,-0.24477181,-0.014400341,-0.22169141,-0.04113755,0.12058349,0.99173933,5
-0.22266077,1.661576,9.114726,-0.26286364,0.02816867,-0.20359959,-0.029502603999999998,0.11663993,0.9921216,6
-0.50517654,1.697489,8.930372,-0.19475323,0.20802271,-0.06950721,0.036763657000000005,-0.09535597,-0.9946575999999999,1
-0.26815059999999996,1.8100165000000001,8.913613,-0.48102978,-0.13997892,-0.2898018,0.039158706,-0.099245556,-0.9942696,4
-0.15322891,1.5370774999999999,9.13388,-0.19688167,0.18354553,-0.054608062,-0.03498612,0.09686245,0.99448943,6
-0.51475334,1.328782,8.817844000000001,-0.30649686,0.14204076,-0.14187452,-0.04205971,0.10508866,0.99318016,3
-0.32321724,2.585738,9.14585,-0.25222138,0.13352695,-0.079085246,0.032225955,-0.13564001,-0.99022216,1
-0.5291186,2.4636335,8.674192,-0.41398358,0.065416545,-0.21424185,-0.034241863,0.1407517,0.9894427,4
-0.5243302,2.1954830000000003,8.846575999999999,-0.17985407,0.21121539,-0.14187452,-0.040705398,0.13544507,0.98962265,6
-0.58897364,2.1619642000000003,8.537724,-0.24157913,0.0026272609999999997,-0.19082889,-0.04329249599999999,0.14183635,0.98825055,3
0.0,2.0925324,9.004593,-0.4022771,-0.022914134,-0.1578379,9.0598805e-05,0.11080578,0.9936285,1
0.30406362,2.123657,9.217675999999999,-0.3128822,0.14204076,-0.06418609,-0.0019398784,0.11473717,0.992894,4
-0.18195933,1.7788918999999999,8.925583999999999,-0.14473464,0.18673822,-0.13336073,-0.006462191999999999,0.11592455,0.9924028,6
0.02873042,1.7836802999999999,8.973467999999999,-0.22455153,0.08457260000000001,-0.07802102,-0.011814743,0.12242508,0.9912439000000001,6
-0.062249242999999996,2.2768857000000002,9.035717,-0.354387,-0.16764876,-0.29086605,-0.022668786,0.10461091,0.99424845,1
-0.15801731,1.8267759,9.045294,-0.48209399999999997,-0.21553889,-0.30470097,-0.020100856,0.10706909,0.99382156,4
-0.02873042,1.6304513,9.01417,-0.22667998,0.13778386,-0.06418609,-0.01726671,0.10479909,0.99357647,6
-0.074220255,1.7405846,9.083601,-0.34693742,-0.017593018999999998,-0.19189312,-0.026015813999999998,0.11738184,0.99175346,7
-0.62488663,2.4636335,8.980651,-0.2617994,0.13459119,-0.07482834,-0.026775942999999996,0.12927908,0.99116594,1
-0.3878607,2.2984335,9.030928999999999,-0.3128822,0.027104445,-0.21530606,-0.02718209,0.13364281,0.9903860000000001,4
-0.5243302,2.2337902,9.066842,-0.26073518,0.1686464,-0.08759904,-0.03313169999999999,0.1372868,0.98924345,6
-0.545878,2.3295584,8.980651,-0.2745701,0.18780243,-0.06418609,-0.034128737,0.14652827,0.98763967,8
-0.47165772,2.5761611,8.631097,-0.2234873,0.25591284,-0.038644686,0.02353053,-0.12571679,-0.9915871999999999,1
-0.16280572,2.2218192,8.492233,-0.5384979,-0.30812648,-0.08759904,0.034291178,-0.13551943,-0.9900384,4
-0.074220255,1.745373,9.112331,-0.16495492,0.19312356,-0.14825988,0.027086917000000002,-0.12524706,-0.99175113,6
-0.24899697,1.8100165000000001,8.896853,-0.21710195,0.16226104,-0.13442495,-0.035536233,0.12980759,0.99089324,9
-0.29209262,2.7772740000000002,8.647857,-0.32884559999999996,0.23994946,-0.06631454,0.03925596,-0.14475013,-0.98858184,1
-0.37588966,2.6527755,9.054871,-0.29691884,0.18673822,-0.11101199999999999,0.046020772,-0.14578804,-0.9882302,4
-0.26336220000000005,2.6001031,8.7053175,-0.24796447,0.18673822,-0.15464523,-0.053234313,0.15086907,0.9871168,7
-0.5506664000000001,2.5570072999999995,8.899248,-0.29053348,0.06860922,-0.27277422,-0.052432597000000004,0.15177558,0.9868773999999999,5
-0.08379706,2.0398598000000003,9.28232,-0.59703034,-0.18574059,-0.025873985,-0.005100839,0.16285804,0.9866328000000001,1
-0.12210429,1.8124107,9.325416,-0.24157913,0.31657368,-0.065250315,-0.013611965,0.15053234,0.98846287,4
-0.062249242999999996,1.661576,8.889671,-0.27031320000000003,0.0632881,-0.18018663,-0.017038498,0.14580387,0.98899573,7
-0.090979666,1.3934253,9.16261,-0.33203825,0.048388943,-0.21956296,-0.011187778,0.13308477,0.9904331000000001,8
-0.5291186,2.72939,8.944737,-0.15111998,0.03668247,-0.022681307,0.013887139,-0.12581326,-0.99195486,1
-0.40222588,2.4229321,8.710106,-0.23945068,0.15906836,-0.14613143,-0.022981765,0.13668643,0.9903242,4
0.18674773,2.1787236,9.129091,-0.45655262,-0.07186849999999999,-0.3781325,-0.013565281,0.13025667,0.9910253000000001,7
-0.08140286,1.7477672,8.89446,-0.26712054,0.13459119,-0.20998494,-0.007823351999999999,0.1130875,0.99198437,9
-0.91697925,3.7086184,8.535328999999999,-0.24796447,0.12501316,-0.11207622,0.08768690400000001,-0.19773770000000002,-0.9731713,1
-1.0414777,3.5841199999999995,8.626308,-0.28521237,0.062223874000000005,-0.16209479999999998,0.09196203,-0.20013353,-0.97280693,4
-0.9935937,3.3877954,9.021352,-0.49805740000000004,-0.052712447999999995,-0.22807677,0.094913185,-0.19874091,-0.9734360999999999,7
-0.9983820999999999,2.741361,8.647857,-0.17772561,-0.06654737,-0.22488409999999998,0.08832008400000001,-0.17999843,-0.9789763000000001,9
-0.46208093,2.6001031,9.064447,-0.22029462,0.14097653,-0.03119511,0.02120471,-0.12987822,-0.9912985000000001,1
-0.1388637,2.1068976000000004,8.884883,-0.3426805,0.013269514,-0.25255394,-0.019980872,0.13001469,0.9913028,5
-0.050278235,1.9776106,8.968679,-0.14154196,0.26761934,-0.060993414,-0.016436249,0.12203641,0.9919931000000001,9
-0.19632454,2.2337902,8.805874000000001,-0.27563432,0.1016002,-0.1365534,-0.032977898,0.14337169,0.988885,7
-0.16280572,2.5091232999999997,9.224859,-0.20326702,0.14523344,-0.17805818,0.009367582,0.1315399,0.99046814,1
-0.12449849,2.6647465,8.856152999999999,-0.34587318,-0.20915356,-0.22807677,0.009351601999999999,0.13797920000000002,0.98914456,7
0.26815059999999996,2.219425,8.497022,-0.18091829,0.09627908,-0.07482834,0.017912034,0.13536225,0.98821527,0
0.35434186,2.4396915,9.361329,-0.15431267,0.30380300000000005,-0.10569087,0.013294786000000001,0.14189455,0.98714614,8
-0.5410896,2.1619642000000003,9.251195,-0.29691884,0.14629766,-0.03758046,-0.022447303,0.11295884,0.993346,1
-0.40222588,2.3870192,8.899248,-0.29691884,0.062223874000000005,-0.11314045,-0.028488477999999998,0.12085185,0.99223834,7
-0.44771573,1.9895816000000002,8.801085,-0.3245887,0.029232897,-0.1748655,-0.03809772,0.11681477,0.9921906999999999,3
-0.5386954,1.8171991000000003,9.16261,-0.2649921,0.22079343,-0.07376411599999999,-0.039229978,0.10965106,0.9926405999999999,9
-0.51714754,1.1061212,9.248801,-0.26392785,0.12394893,-0.09504862,-0.047238775,0.058043122,0.99702007,1
-0.6488286999999999,0.9648633,8.896853,-0.20326702,0.12394893,-0.14293875,-0.051664497999999996,0.07031414,0.9956438,7
-0.9696517,0.92416185,9.030928999999999,-0.18623942,0.14629766,-0.1493241,-0.06152999,0.07930174,0.9941613000000001,4
-0.6464345,1.0103531,8.947132,-0.30968952,0.12182048,-0.14825988,-0.06256835,0.083735265,0.9934255999999999,4
-0.60812724,2.4995465,8.542512,-0.26286364,0.08244415,-0.102498196,-0.027255505,0.12127695,0.9921890999999999,1
-0.61052144,2.2290018,8.932767,-0.23093687,0.20057315,-0.1195258,-0.031547666,0.13196461,0.99062806,7
-0.6344634,2.0374656000000004,9.088389,-0.39376333,0.037746697999999995,-0.20785649,-0.036026884,0.13593252,0.98981595,4
-0.11252748,1.8770541,8.841787,-0.20113857,0.038810916,-0.19827846,-0.029337723,0.12508456,0.99062365,6
-0.22744916,1.9249381999999997,9.533711,-0.29691884,0.03455402,-0.19934268,-0.0005664762000000001,0.10012597599999999,0.9949735000000001,1
-0.076614454,1.9177556,9.263166,-0.40334135,0.09202218,-0.1365534,0.01568209,-0.113105446,-0.9934572,7
0.24181437,1.5897499,9.054871,-0.278827,0.26549090000000003,-0.010974832,-0.016000649,0.105322845,0.99402595,9
-0.12449849,1.5179238000000002,9.6845455,-0.12345013,0.15268302,-0.12591115,-0.022846598,0.109831,0.99313676,0
-0.30406362,0.9648633,9.143456,-0.5118923,-0.18254793,-0.17273706,-0.029524086,0.06545681,0.99690866,1
-0.095768064,0.7493850999999999,9.854534,-0.40972668,0.16332527,-0.08653482,-0.022316432999999997,0.053398232999999996,0.9971800999999999,9
-0.29688102,0.79487497,9.136273,-0.44271767,0.015397966,-0.10781932,-0.03977047,0.07234941,0.9954322,7
-0.3854665,0.7015011,9.504980999999999,-0.16389069,0.079251476,-0.13016805,-0.046688598,0.06534534,0.9950754999999999,3
-0.28012159999999997,2.0901381999999997,8.930372,-0.41079092,-0.39964986,-0.1280396,0.03219515,0.11790098,0.9923192,1
0.5291186,1.8818424999999999,9.428367,-0.09471606,0.17609596,-0.14400297,0.03521259,0.11231502,0.99194956,9
0.08379706,2.0590134,8.908825,-0.27776277,-0.017593018999999998,-0.13442495,0.007248645,0.13882592,0.98937976,7
0.3878607,1.7693150000000002,9.112331,-0.16069801,0.19525202,-0.13229649999999998,0.006097715300000001,0.12980276,0.9896074,6
-1.5849615,2.2098482,8.880094999999999,-0.55978245,-0.6231371,-0.30363676,0.11838741,-0.10880467,-0.9862312,1
-0.9768343,1.4796166000000002,9.672575,-0.27350587,-0.03462062,-0.19402157,-0.07142482,0.08142838599999999,0.99407977,9
-1.0534488000000002,1.3862427,9.160214999999999,-0.12877126,0.048388943,-0.07695679,-0.08283688,0.09617088,0.99181396,9
-0.81402856,1.7190368000000003,9.306262,-0.2022028,0.08457260000000001,-0.09185594,-0.08811081,0.112130724,0.98966503,6
-0.21308395,1.9728221999999997,8.863335000000001,-0.2990473,-0.013336115,-0.19402157,-0.01695394,0.10902282,0.9938944,2
-0.21068975,1.9560628,8.717288,-0.15005577,0.19205934,-0.114204675,-0.024782297999999998,0.12028243400000001,0.9924164000000001,0
-0.19393034,1.9225439999999998,8.7125,-0.24370758,0.26974776,-0.18550776,-0.03509762,0.12983778,0.99088305,7
-0.5267244000000001,1.9297266,9.627085000000001,-0.25222138,0.18035287,-0.10781932,-0.04294268,0.13102838,0.9902385,6
-0.22026655,1.9153613999999999,9.208099,-0.29372615,-0.052712447999999995,-0.23233368,-0.03467927,0.13278201,0.9900865,4
-0.031124622,2.4588451,8.516175,-0.26818475,0.12607738,-0.102498196,-0.0035269935999999997,0.12804487,0.99070656,2
0.0,2.1380222,9.076419,-0.20539546,0.1697106,-0.088663265,-0.003882845,0.12910558,0.9896775,0
0.23223756,2.4468741,8.714894000000001,-0.35119432,0.09521485,-0.19295734,-0.02282051,0.15901389999999999,0.98508763,7
0.19393034,2.1571757999999996,8.698134,-0.37886417,0.0026272609999999997,-0.23020522,-0.020423125,0.15103146,0.98517066,8
-1.0845733999999998,1.2210428999999998,8.813056,-0.16389069,0.06860922,-0.1365534,0.07006793,-0.06570375,-0.99369484,2
-0.79966336,1.3072342,8.836999,-0.20858815,0.12075625,-0.100369744,0.08022065,-0.07616919,-0.9926603999999999,2
-1.1085154,1.2641385,8.884883,-0.28201967,-0.0378133,-0.18550776,0.09785063,-0.0878995,-0.9904794,4
-0.9576806999999999,0.8595184000000001,8.887277000000001,-0.22774419,0.03136134,-0.21530606,0.087310605,-0.071817875,-0.9935096,6
-0.40462008,2.4253263,8.482656500000001,-0.19049633,0.13565539999999998,-0.12910382,0.03573137,-0.13623716,-0.98992413,2
-0.48841715,2.5330652999999996,8.846575999999999,-0.2660563,0.10585710400000001,-0.102498196,0.042135768,-0.1453536,-0.98845077,2
-0.62009823,2.3247697,8.755595,-0.25009292,0.15055457,-0.09292017,-0.047888093,0.14887942,0.9876773999999999,8
-0.6631939,2.267309,8.99741,-0.28308392,0.07393035,-0.20785649,-0.044999998,0.15185733,0.9871788,8
-1.4987701999999998,2.1140802000000005,8.710106,-0.24157913,0.044132045999999994,-0.12059002,0.08735379,-0.107578285,-0.98946106,2
-1.6304513,1.6783354,8.6574335,-0.18304674,0.17928864,-0.08972749,0.09310617,-0.10827261,-0.9894606,3
-1.3958195,2.0757727999999998,8.853758000000001,-0.27669856,0.0058199390000000005,-0.21956296,0.107516445,-0.1219278,-0.9863854999999999,2
-1.6256628999999998,1.7788918999999999,8.7771435,-0.28201967,0.02284754,-0.20785649,0.106726155,-0.12230367,-0.9866796999999998,3
0.37110126,2.3822308,8.789114,-0.15750533,0.29316074,-0.123782694,0.0020474491,0.13139516,0.9910599,2
0.4261679,2.4396915,8.736442,-0.25115716,0.13884808,-0.14081029999999997,-0.008801729,0.15066946,0.9881665999999999,4
0.08619126,2.2984335,8.75799,-0.18943208,0.19738047,-0.12591115,-0.016006963,0.15752172,0.9864934000000001,3
0.090979666,2.4013843999999995,9.454702000000001,-0.21816617,0.056902747999999996,-0.19721423,-0.016091917,0.15945914,0.9857923000000001,3
-0.5554548,2.4372973,8.640674,-0.1766614,0.46662942,-0.030130886000000003,-0.0288846,0.12489655599999999,0.99129254,2
-0.50278234,2.3391352000000003,8.746018,-0.30649686,0.18780243,-0.12591115,-0.04015339,0.13959776,0.98880297,4
-0.51475334,2.3127987,9.018958,-0.2745701,0.22824299999999997,-0.10994777,-0.045980174000000006,0.15078384,0.9865216999999998,4
-0.51954174,2.1811178,8.611943,-0.28627658,0.070737675,-0.14719565,-0.045764599999999996,0.15220232,0.9858302999999999,2
-0.5410896,0.9744401,9.205706,-0.23945068,0.16013259,-0.14613143,-0.026144091,0.055583842,0.9978154,2
-0.48362875,1.0223241,8.959103,-0.25967094,0.057966974000000004,-0.12059002,-0.032746582999999996,0.06661216,0.9967138000000001,4
-0.37828386,0.7757214,9.409213000000001,-0.24477181,0.1686464,-0.1365534,-0.033791747000000004,0.07020868,0.99597037,8
-0.41180268,0.8331822,9.433155000000001,-0.41079092,0.10904978,-0.07589257,-0.043773327,0.07840664,0.994439,6
-0.59376204,2.5306710999999997,8.690952000000001,-0.2149735,0.13033429,-0.16635170000000002,-0.031341203,0.14629982,0.9866754000000001,2
-0.40940848,2.5234885,8.760384,-0.35332277,-0.033556393999999996,-0.23339789,-0.041258864,0.16161251,0.98285294,4
-0.6488286999999999,2.1092918,8.762777999999999,-0.15856957,0.12607738,-0.09717707,-0.03614341,0.15155044,0.9824392,9
-0.19871874,2.327164,8.683769,-0.1766614,0.14949033,-0.22275564,-0.031732615,0.16108076,0.9808277,0
-0.5674258000000001,0.78290397,8.908825,-0.20326702,0.02816867,-0.14613143,-0.04459395,0.05754995,0.9970553,2
-0.7158663000000001,0.7230489,8.942344,-0.26392785,0.009012616999999999,-0.15251678,-0.05057619,0.06436914,0.99594426,5
-0.5578489999999999,0.58657944,9.615114,-0.23306532,0.14204076,-0.10143397,-0.05345838,0.05646310400000001,0.99567956,3
-0.47644615,0.42377370000000003,8.92319,-0.07023887,0.23569258,-0.15464523,-0.045534555,0.05171663,0.9955485000000001,9
-0.32321724,3.0334535,8.403648,-0.25647828,0.24527061,-0.12591115,-0.01698121,0.17819834,0.98217005,2
-0.18914193,2.9735985,8.568848,-0.1851752,0.14523344,-0.15464523,-0.025601592000000003,0.18737134,0.9798614,5
-0.22266077,2.80361,8.7125,-0.17134026,0.19099513,-0.114204675,-0.03395934,0.18544538,0.9795834000000001,4
-0.047884032,3.028665,8.786719999999999,-0.278827,0.0462605,-0.11846157,-0.036883347000000004,0.19460328,0.97760916,4
-0.11252748,2.8107927000000004,9.212888000000001,-0.14792731,0.30593142,-0.093984395,-0.0046898937,0.14623688,0.9871058000000001,2
-0.074220255,2.717419,8.980651,-0.2149735,0.15800413,-0.10356242,-0.0113807,0.15520439,0.98513365,5
0.18435353,2.6144682999999995,8.731653,-0.42781854,-0.14210737,-0.2642604,-0.013879665,0.16321273,0.9836451999999999,4
0.17238252,2.540248,9.040505,-0.22880843,0.08989373,-0.21530606,-0.009549771,0.16280906,0.9818290000000001,6
0.15083471,1.9656396,8.683769,-0.22987264,0.28677538,-0.13868184,-0.014294665,-0.09711247,-0.9949201999999999,2
0.38307226,1.9345150000000002,9.572019000000001,-0.2022028,0.24420637,-0.100369744,-0.010007513,-0.10230752,-0.9945679000000001,5
0.59136784,1.5945383,9.409213000000001,-0.35970813,0.11756358,-0.11101199999999999,-0.0020383582,-0.10664230599999999,-0.994243,4
0.06943185,1.352724,8.865729,-0.24370758,0.14310499,-0.12591115,0.0037413290000000003,-0.10655042,-0.9942994,6
-0.035913024,2.2984335,8.312667999999999,-0.1692118,0.30380300000000005,-0.11526889999999998,-0.0035209006,0.13479443,0.9908014999999999,2
-0.031124622,2.315193,8.482656500000001,-0.14686309,0.22717878,-0.12165425,-0.0138445,0.14613882,0.9889545,5
-0.023942016,2.5953147,8.420407,-0.40121290000000004,-0.2666217,-0.24936128,-0.016441043,0.15605335,0.9872969000000001,7
0.19393034,2.0374656000000004,8.836999,-0.28521237,0.15374723,-0.13974607,-0.008988211,0.14483583,0.98843354,9
-0.28491,1.5634137,8.868122999999999,-0.2149735,0.10692133,-0.11633313,0.028976511,-0.08717974,-0.99573696,2
-0.5674258000000001,1.2880806,9.255983,-0.29053348,0.11862781,-0.1748655,-0.03472304,0.09293938,0.99505585,5
-0.50038815,1.1516110000000002,9.279925,-0.278827,0.1016002,-0.20679227,-0.03723907,0.09421731,0.9947290999999999,8
-0.22266077,1.13964,9.842564,-0.48315823,0.1697106,-0.14613143,-0.037242416,0.092845485,0.9946681999999999,0
-1.1324573999999998,1.3096284,8.813056,-0.27669856,0.2154723,-0.11739735,0.08017962,-0.07156171,-0.9925251,2
-1.1061212,1.1252748,8.961497,-0.22880843,0.13671963,-0.10143397,0.09014113,-0.08076441,-0.9916695,8
-1.0414777,1.1875241,9.0237465,-0.21390927,0.10372865,-0.10569087,0.09281951,-0.08516508,-0.99142945,0
-1.0606314,1.043872,9.196128999999999,-0.21390927,0.1016002,-0.06205764,0.10329617599999999,-0.08200789,-0.9910401,6
-0.8834603999999999,0.9816226999999998,9.121908,-0.29585459999999997,0.079251476,-0.18125086,-0.053887278,0.07097793,0.9956944999999999,1
-0.4381389,0.60812724,9.248801,-0.2649921,-0.025042586000000002,-0.16954438,-0.034330495,0.060746737,0.99563515,3
-0.29448682,0.51714754,8.911219000000001,-0.19262478,0.12075625,-0.13548918,-0.03622482,0.06725556,0.9938041,6
-0.36631286,0.4141969,9.277532,-0.25115716,0.11543513,-0.10462664,-0.035158853999999996,0.06680483,0.9930498,6
-0.29209262,0.5506664000000001,9.356541,-0.28095546,0.10585710400000001,-0.14613143,-0.031113282000000003,0.068584144,0.9923833000000001,2
-0.29209262,0.5506664000000001,9.356541,-0.28095546,0.10585710400000001,-0.14613143,-0.031113282000000003,0.068584144,0.9923833000000001,9
-0.29209262,0.5506664000000001,9.356541,-0.28095546,0.10585710400000001,-0.14613143,-0.031113282000000003,0.068584144,0.9923833000000001,4
-0.29209262,0.5506664000000001,9.356541,-0.28095546,0.10585710400000001,-0.14613143,-0.031113282000000003,0.068584144,0.9923833000000001,2
-0.29209262,0.5506664000000001,9.356541,-0.28095546,0.10585710400000001,-0.14613143,-0.031113282000000003,0.068584144,0.9923833000000001,2
-0.33039984,2.6982652999999996,8.391677,-0.11600056,0.1399123,-0.038644686,-0.016991768,0.16300043,0.98487395,3
0.02873042,2.8203697,8.516175,-0.39802020000000005,-0.2921631,-0.29512295,-0.022159487000000002,0.18230118,0.98200136,1
-0.25139117,2.432509,8.688558,-0.087266475,0.28358272,-0.06631454,-0.019926623,0.17670729999999998,0.98146224,6
0.4381389,2.7461493,9.02614,-0.4640022,-0.168713,-0.33237082,-0.018730814,0.1889833,0.97953886,4
-1.0366893,1.2378023,8.9998045,-0.15005577,0.16545372,-0.10356242,0.07023845599999999,-0.071583815,-0.99462694,3
-1.1779473,1.2114661,9.49301,-0.59703034,-0.5039439,-0.56011504,0.08964049,-0.08027546,-0.9917743,1
-0.89543146,0.90740246,9.212888000000001,-0.19794589999999998,0.026040219,-0.15038833,0.07580669,-0.07195797,-0.9944531999999999,6
-1.091756,0.89782566,9.392453,-0.3086253,0.17077485,-0.1365534,0.080045015,-0.07489951,-0.9939635,6
-0.545878,1.8363526999999997,8.978256,-0.21816617,0.14416921,-0.08014947,0.030105477000000002,-0.100639634,-0.9944632,3
-0.48602295,2.1284454,8.99741,-0.3756715,0.02284754,-0.32704970000000005,0.04938874,-0.12373937,-0.99098843,1
-0.62488663,1.5298948,9.030928999999999,-0.21710195,0.11011401,-0.16741593,-0.04347704,0.11351612,0.99241006,6
-0.45729253,2.1547816,9.021352,-0.2149735,0.11862781,-0.05780074,-0.03273001,0.12020806,0.9921553,3
-0.4405331,2.3175871,9.299078999999999,-0.1851752,0.24952751,-0.04609426,-0.037140325,0.14214902,0.98904777,2
-0.13168110000000002,2.1428106,9.799467,-0.63640666,-0.2283096,-0.31747165,-0.043558099999999995,0.1453576,0.9881322,1
-0.581791,2.15957,8.983044999999999,-0.28308392,0.16013259,-0.21637028,-0.04506924,0.14852974,0.9871719999999999,5
-1.0702082,3.1052797,8.846575999999999,-0.20539546,0.16438949,-0.054608062,0.07862116,-0.16940145,-0.9798329,3
-1.0821792,3.0885203,8.875306,-0.19049633,0.14523344,-0.08227792,0.086605825,-0.18103433,-0.97756124,2
-0.92655605,3.3494883,8.762777999999999,-0.24902870000000002,0.08244415,-0.10143397,0.0974108,-0.19281113,-0.9745229,4
-1.067814,2.9616275,8.564059,-0.29266194,0.11011401,-0.17592973,0.09560329,-0.1911142,-0.9757944,5
-0.2777274,2.7485435000000003,8.599973,-0.119193226,0.24633482,-0.045030035,-0.012549144,0.14200948,0.9887851999999999,3
-0.22744916,2.5761611,9.093178,-0.18304674,0.13139851,-0.12165425,-0.016984109,0.15119419,0.9871367,3
-0.11252748,2.657564,8.62152,-0.21284504,0.13778386,-0.10675509,-0.02395222,0.16591187,0.9846458,2
-0.17956513,2.5091232999999997,8.755595,-0.39057064,0.017526418000000002,-0.39728856,-0.032815862,0.17474201,0.9826535,1
-0.33518824,2.4899697,9.011775,-0.24690025,0.15481146,-0.08759904,0.03663118,-0.14351168,-0.98892426,3
-0.45729253,2.480393,8.836999,-0.18623942,0.12714161,-0.102498196,0.04713475,-0.1587529,-0.9861924999999999,3
-0.11252748,2.6384103,8.585608,-0.23093687,0.21334384,-0.08759904,-0.044517823,0.16925187,0.9845588,2
-0.31603462,2.348712,8.767567,-0.28946924,0.09521485,-0.2121134,-0.04639186,0.16458711,0.9851209999999999,5
-1.1085154,1.1085154,9.272743,-0.28521237,0.15374723,-0.08759904,0.073210314,-0.061247114000000005,-0.9936685,3
-1.1252748,1.0175357,9.143456,-0.23412955,0.18673822,-0.11314045,0.08363869,-0.073819965,-0.9928136999999999,3
-1.2976573999999998,1.2761095,8.942344,-0.27776277,0.18993089,-0.1280396,0.10321536,-0.09232892,-0.9894421999999998,4
-1.2545617,1.2737153,8.978256,-0.2990473,0.07393035,-0.22169141,0.104441,-0.09129066,-0.98984283,2
-0.6368576,0.58657944,9.102755,-0.12983549,0.17290328,-0.123782694,-0.037813775,0.0402398,0.9982401,3
-0.45729253,0.6464345,9.742006,-0.16176224,0.05477429599999999,-0.12165425,-0.041694656000000004,0.04739194,0.99756336,3
-0.48362875,0.36152446,8.746018,-0.087266475,0.15587568,-0.16635170000000002,-0.04527178,0.057116795,0.9964040000000001,6
-0.4357447,0.5315128,8.836999,-0.17559716,0.14416921,-0.10781932,-0.05171492,0.06277049,0.9950148000000001,8
-0.9648633,1.4700398000000001,9.452309,-0.2149735,0.059031195999999994,-0.1493241,0.06599391,-0.07868972,-0.9945525,3
-1.5562311000000002,1.5634137,9.220071,-0.16282646,0.16013259,-0.114204675,0.11095351,-0.10663494,-0.9880263000000001,4
-1.496376,1.6807296000000003,9.208099,-0.20858815,0.09840753,-0.14400297,0.11692004,-0.11798229,-0.9860837,4
-1.4293385,1.958457,9.172187,-0.236258,-0.18893328,-0.19189312,-0.117424965,0.12320036,0.98539627,7
-0.22984336,1.99437,8.836999,-0.1692118,0.16119681,-0.07269989,-0.01645694,0.11368392,0.9933783000000002,3
-0.10295067,2.15957,8.755595,-0.24157913,0.14842612,-0.10569087,-0.030827045,0.13649002,0.9901587,4
-0.17717093,1.9225439999999998,8.7532015,-0.24264336,0.15055457,-0.14613143,-0.036461744,0.13621831,0.9898315999999999,5
-0.3878607,1.8291701,8.858546,-0.26286364,0.0004988164,-0.23020522,-0.034823183,0.12958841,0.9904405999999999,6
-0.48362875,2.5594015,8.868122999999999,-0.15324843,0.17928864,-0.09504862,-0.019001108,0.13830636,0.9878583000000001,3
-0.13168110000000002,2.7700913,8.676587,-0.49380050000000003,-0.014400341,-0.21743451,-0.028060386,0.15831289999999998,0.9850211999999999,4
-0.62488663,2.0805612,8.860941,-0.33097404,-0.033556393999999996,-0.3015083,-0.027553632999999998,0.14698887,0.9843703000000001,6
-0.24899697,2.3989902,9.112331,-0.17240450000000002,0.15374723,-0.1493241,-0.02435603,0.15289398,0.9831376000000001,0
0.46926352,2.291251,8.992621,-0.24157913,0.2622982,-0.039708912,0.01829201,0.12721880000000002,0.99146193,3
0.2777274,2.540248,8.765172,-0.37886417,-0.12295131,-0.28341648,-0.007614509,0.15457799,0.98778313,4
0.47884035,2.1954830000000003,9.224859,-0.28734082,0.07393035,-0.12059002,0.0043464466,0.14787051,0.9881114,6
0.33758244,2.0135236,9.28232,-0.3001115,0.013269514,-0.16635170000000002,0.00014436653999999998,0.14979811,0.9874603999999999,6
-0.272939,0.7158663000000001,9.363723,-0.20539546,0.053710073,-0.15464523,-0.03307655,0.056312475,0.9970950000000001,3
-0.90261406,0.78529817,9.0476885,-0.33203825,-0.07612539,-0.35259109999999994,-0.061331212999999996,0.080315925,0.99389404,4
-0.37828386,1.0821792,8.784326,-0.38631374,-0.30386958,-0.39516009999999996,-0.06775249,0.08650306599999999,0.99282134,7
-0.45250413,0.8834603999999999,9.208099,-0.26073518,0.07712302,-0.26638886,-0.047641203,0.07301150000000001,0.9935974,8
0.6536171,2.6312277,9.411607,-0.32033178,0.08244415,-0.012039058,0.0076498734,0.14770646,0.9886584,3
0.31124622,2.5905263,8.640674,-0.5257273,-0.27832818,-0.31108633,-0.010701041000000001,0.16817120000000002,0.9853985000000001,4
0.59855044,2.2170308,8.738836000000001,-0.25860673,0.16119681,0.008181218,0.0087189665,0.15141575,0.98689115,9
0.24899697,2.1332338,9.607930999999999,-0.278827,-0.027171037999999998,-0.085470594,0.0014576456,0.15264127,0.9866036,6
-0.19632454,1.9800048,9.062054,-0.2022028,0.24633482,-0.06950721,0.008656956,-0.10697359,-0.9942242,3
-0.46926352,1.9704279999999998,8.693346,-0.19688167,0.18993089,-0.06737877,-0.024824914,0.12973207,0.9912264000000001,5
-0.107739076,2.2050598,9.253589999999999,-0.27350587,0.085636824,-0.15358101,-0.02482628,0.13703765,0.99020374,4
-0.05746084,2.0638018,8.74123,-0.31075376,0.22505033,-0.10781932,-0.028482825,0.14076796,0.98948437,7
0.016759411999999998,2.0638018,9.081207000000001,-0.25967094,0.090957955,-0.10994777,-0.027429117000000003,0.13385195,0.99025893,8
0.007182605,1.745373,8.983044999999999,-0.22561574,0.11330668,-0.052479614,-0.011144718,0.0988373,0.992627,3
-0.2825158,1.8100165000000001,8.916007,-0.22029462,0.19950892,-0.0982413,-0.021066835,0.11298863599999999,0.99076104,5
0.035913024,1.8555063000000003,9.239224,-0.2617994,0.23249989999999998,-0.009910606,-0.033941686,0.12155726,0.98946476,4
-0.20111294,1.6783354,8.63828,-0.15750533,0.13246274,-0.093984395,-0.035159312000000005,0.12797394,0.9872681999999999,8
-0.019153614,2.0518308000000003,8.815451,-0.15005577,0.28039002,-0.08121369,-0.008254375,0.11188548,0.9936539000000001,3
-0.16998832,2.1308396000000003,8.731653,-0.2234873,0.11224245,-0.11314045,-0.018390726,0.12415726,0.99207485,5
-0.09816227,2.1978772,8.7771435,-0.3075611,0.0036914870000000002,-0.19721423,-0.029828912000000003,0.13544506,0.9902509,7
-0.19632454,1.7717092,9.033323,-0.25541407,0.14310499,-0.123782694,-0.025060095,0.12641372,0.9909064000000001,6
-0.4213795,1.2090718999999999,9.215282,-0.3331025,0.047324724000000006,-0.15464523,-0.025193157,0.071255766,0.9970853999999999,3
-0.6895300999999999,1.0414777,8.939949,-0.20752391,0.16651794,-0.10781932,-0.036266394,0.081094556,0.99579513,6
-0.15322891,1.4604629999999998,8.889671,-0.33629516,0.02284754,-0.11846157,-0.040724766,0.10727331,0.99325746,4
-0.4381389,1.1611878,9.184157,-0.29372615,0.07180189999999999,-0.22488409999999998,-0.04294516,0.10375050000000001,0.99325687,5
0.21308395,2.135628,9.234436,-0.22135885,0.13671963,-0.12271847,-0.019831691000000002,0.13947820000000002,0.98879117,3
0.29209262,2.2816741,8.769960000000001,-0.16069801,0.13778386,-0.03332356,-0.019871958000000002,0.1494582,0.9863953999999999,6
0.016759411999999998,2.327164,8.652645,-0.11067943,0.15481146,-0.11207622,-0.022098972999999997,0.17302804,0.9826865,5
0.20829555,2.6647465,8.655039,-0.39376333,-0.03462062,-0.14293875,-0.028483458,0.18495199,0.9806233,4
-0.6368576,0.33997664,9.222465,-0.28201967,0.12927006,-0.0982413,-0.02086404,0.03922239,0.99225724,3
-0.48841715,0.49559975,8.765172,-0.14579886,0.1686464,-0.13442495,-0.028543035,0.050667245,0.9905120999999999,6
-0.40462008,0.4405331,8.992621,-0.14047773,0.17396751,-0.099305525,-0.034659699999999995,0.059754543,0.9887916999999999,9
-0.35673606,0.6727706999999999,8.949525999999999,-0.20965236,0.1984447,-0.08759904,-0.036587853,0.07074305,0.9873369000000001,0
-0.51714754,0.770933,9.682152,-0.36502925,0.16332527,-0.09611285,-0.030625417999999998,0.048158173,0.997893,3
-0.37588966,0.5674258000000001,9.296685,-0.19688167,0.11862781,-0.1493241,-0.03687855,0.049293168,0.9973219999999999,6
-0.62728083,0.39264908,9.102755,-0.24583602,0.17183906,-0.123782694,-0.042063724000000004,0.055814143,0.9961339,9
-0.4261679,0.9528923,9.210494,-0.26712054,0.08457260000000001,-0.16848016,-0.050776365999999996,0.07824896,0.9942763000000001,4
-0.50996494,0.80924016,8.939949,-0.22561574,0.14949033,-0.102498196,-0.05425833,0.075465046,0.99390435,2
-0.39743748,2.1787236,9.208099,-0.19049633,0.19738047,-0.04183736,0.015460516,-0.10847867,-0.9939743000000001,3
0.031124622,1.7836802999999999,8.836999,-0.20858815,0.13884808,-0.11633313,-0.020317128,0.114655115,0.99317825,6
-0.1364695,1.7884687,8.872911,-0.16601914,0.25272018,-0.045030035,-0.025055896,0.12018526,0.99231976,9
-0.51235914,1.9704279999999998,8.781932000000001,-0.27244166,0.048388943,-0.18444353,-0.050040997999999996,0.13973455,0.98886424,4
-0.3878607,1.8435352999999999,9.138668,-0.34161627,0.15587568,-0.1365534,-0.048074182,0.1352767,0.9893671,5
0.19871874,2.4037786,9.263166,-0.22561574,0.15800413,-0.093984395,0.010618795,0.12737602,0.9915972,3
0.20350714,2.291251,9.208099,-0.19688167,0.17609596,-0.09292017,0.0057187843999999995,0.13709562,0.99001324,6
0.34476504,2.2936451,8.542512,-0.1766614,0.22824299999999997,-0.100369744,-0.0050042477000000005,0.14671548,0.98839885,9
0.07182605,2.4851813,8.343793,-0.25541407,0.17928864,-0.07802102,-0.02017526,0.16327575,0.9858183,4
-0.581791,1.3934253,9.107543,-0.2234873,0.09202218,-0.0982413,-0.036299404,0.087766506,0.9954238000000001,3
-0.62488663,1.3551182,9.200917,-0.25222138,0.12394893,-0.114204675,-0.04831222,0.09729805,0.993841,6
-0.59136784,1.3551182,9.28232,-0.21923040000000002,0.14629766,-0.09292017,-0.048325136,0.09959691,0.9933235999999999,9
-0.32321724,1.3383588,9.038112,-0.23519377,0.10585710400000001,-0.13548918,-0.043806776,0.10963478,0.9923129,5
-0.29688102,1.4389153000000001,8.930372,-0.32033178,0.17290328,-0.16954438,-0.043749447999999996,0.11486344,0.9916475,7
0.007182605,1.9560628,8.920795,-0.24690025,0.13352695,-0.07057144,-0.014294015,0.09534711,0.9952757999999999,3
-0.0047884034,1.5394716999999998,8.889671,-0.25434983,0.11224245,-0.23339789,-0.016939698,0.10281098,0.9943446,6
0.031124622,1.5466543,9.13388,-0.16069801,0.22185764,-0.0056537054,-0.02292405,0.10792329,0.9933806000000001,9
-0.11492168,1.7357962,8.789114,-0.22987264,0.16332527,-0.14613143,-0.03203165,0.1261418,0.9911563,5
0.48602295,2.2505496,9.148245,-0.31820333,0.085636824,-0.15145256,0.017273864,0.11667937,0.99298465,3
0.5530606,2.0302830000000003,9.531317,-0.14260618,0.20589426,-0.15358101,0.014553525500000001,0.12473305,0.9919313,6
0.39743748,1.9177556,8.767567,-0.15644112,0.17503174,-0.10675509,0.008331954,0.13152543,0.99100065,9
0.36152446,2.1643584,8.942344,-0.30649686,0.024975993,-0.11101199999999999,-0.0013184178,0.15001409,0.98828673,7
0.05746084,1.8626889,9.009381,-0.19368899,0.039875142,-0.15358101,0.0018864381,0.102093846,0.993553,3
0.021547815,1.6496049,8.803479,-0.14473464,0.31018832,-0.065250315,-0.00045776874,0.11421251,0.9908815000000001,9
0.35913026,1.7549498,9.083601,-0.36502925,0.05477429599999999,-0.12271847,-0.007882063,0.13256326,0.9888478,5
0.30166942,1.7741034,9.28232,-0.22029462,0.0973433,-0.16422325,-0.00082858425,0.12939239,0.9883065999999999,6
-1.1851299,2.1619642000000003,8.635885,-0.16601914,0.19205934,-0.07589257,0.08306428,-0.107204415,-0.9892492,4
-0.9888053,2.0231004,9.320627,-0.40759826,0.18035287,-0.19615002,0.09872121,-0.11559014,-0.98716855,1
-1.1899183,1.8962077000000002,8.796297000000001,-0.2532856,0.037746697999999995,-0.11526889999999998,0.10337375,-0.11613037,-0.9874806,8
-1.4173675,1.7836802999999999,8.769960000000001,-0.29159772,-0.07612539,-0.22594832,0.10805810000000002,-0.12752977,-0.9857174999999999,7
0.12928689,1.5801731,8.968679,-0.27989122,0.15481146,-0.10356242,0.0029975714000000002,-0.08702913,-0.99603224,4
0.05746084,1.5370774999999999,8.851364,-0.18730363,0.19950892,-0.08227792,0.006249096700000001,-0.09151127,-0.9956946,2
-0.033518825,1.4891934,8.889671,-0.21816617,0.18248132,-0.088663265,0.012542211999999999,-0.100473486,-0.9948438000000001,5
0.06943185,1.4891934,8.846575999999999,-0.19262478,0.15800413,-0.11207622,-0.018941307,0.10442930000000002,0.9943384,8
-0.59855044,2.0829554,8.540117,-0.16389069,0.13246274,-0.1791224,0.04325426,-0.10139109,-0.9936688,4
-0.5386954,1.4437037,8.556877,-0.22029462,0.07818725,-0.2419117,-0.036530405,0.10178979,0.9940957,3
-0.39025488,1.7549498,8.918402,-0.35970813,-0.105923705,-0.30044407,-0.038582455,0.10595177,0.99343634,3
-0.33039984,1.3982137,9.078813,-0.30649686,0.2878396,-0.12484692,-0.036753766,0.10399037,0.9931711999999999,6
0.19632454,2.0398598000000003,8.973467999999999,-0.28840503,0.13139851,-0.15358101,-0.00743852,0.110083684,0.9938037000000001,4
0.059855044,1.7597381999999997,8.985439,-0.19049633,0.094150625,-0.11207622,-0.01431524,0.10799351,0.9936524,3
-0.007182605,1.8602947,8.978256,-0.23306532,0.17290328,-0.055672288,-0.015878802,0.11755772,0.9923089,6
-0.007182605,1.7357962,8.499416,-0.19262478,0.011141068999999998,-0.12165425,-0.017794916,0.12797889,0.9905913000000001,8
-0.30166942,2.707842,8.762777999999999,-0.2320011,0.12820584,-0.10781932,0.030417051,-0.14679511,-0.98864204,4
-0.34955344,2.7341783,8.566454,-0.24796447,0.14736189,-0.09079172,0.041072354,-0.15711826,-0.9866956,4
-0.34955344,2.6743232999999997,8.573636,-0.24796447,0.26761934,-0.11739735,0.0480115,-0.16235909,-0.98555255,1
-0.48123455,2.4995465,8.774749,-0.34161627,0.048388943,-0.22062719,-0.051749036,0.16529816,0.9848450000000001,7
-0.14604631,2.3870192,8.956709,-0.3001115,0.17077485,-0.12165425,-0.024223052000000002,0.13177429,0.9908119000000001,4
-0.34715924,2.3558946,8.983044999999999,-0.25860673,0.25272018,-0.15145256,-0.039130263,0.14436328,0.9883909,4
-0.24420857,2.1859062000000002,8.983044999999999,-0.27031320000000003,0.20483005,-0.14293875,-0.037457995,0.14442565,0.98785645,5
-0.51235914,2.0350714,9.069236,-0.29053348,-0.035684846,-0.23446211,-0.041930005,0.14487489,0.98675185,6
-0.15322891,2.8155810000000003,9.095572,-0.28308392,0.1814171,-0.10569087,0.016649421,-0.1431293,-0.98955584,4
0.02633622,2.7988217,8.588001,-0.35119432,-0.21128199,-0.28660914,-0.020474363,0.14884736,0.9886472,4
-0.10295067,2.3535004,9.229648,-0.24796447,0.03455402,-0.0982413,-0.010605787,0.13355145,0.9900787,9
-0.011971008,2.2146366000000004,9.090784,-0.19581744,0.14097653,-0.08440637,-0.016214086000000003,0.13733695,0.98932284,9
-0.5434838000000001,1.2234371000000002,9.241617999999999,-0.29691884,0.1814171,-0.114204675,-0.032393135,0.062745295,0.99640566,4
-0.45250413,0.9935937,9.220071,-0.32246023,0.23356412,-0.06312186,-0.03560092,0.064512186,0.99530244,5
-0.5434838000000001,0.7733272,8.920795,-0.25115716,0.22717878,-0.12271847,-0.04229169,0.07182402,0.9939296999999999,2
-0.533907,0.8619126,8.908825,-0.16495492,0.12607738,-0.1791224,-0.048850115,0.07304720599999999,0.99280363,3
-0.007182605,2.4995465,8.980651,-0.28201967,0.19099513,-0.08121369,0.00028485063,0.12983477,0.9914009,4
0.06703765,2.1571757999999996,8.848969,-0.24264336,0.1686464,-0.10994777,-0.001953209,0.1327371,0.9907375,5
0.10534488,2.0733786,8.825027,-0.29585459999999997,0.16758215,-0.13761763,-0.008792614,0.13979995,0.98950994,2
0.107739076,1.9393034,8.848969,-0.15750533,0.1814171,-0.12910382,-0.013810606000000001,0.14079037,0.9890568999999999,8
-0.16280572,1.6160861,8.908825,-0.28946924,0.16438949,-0.22594832,0.020163061,-0.08307695400000001,-0.9963386999999999,4
-0.25617957,1.2569559,9.050082000000002,-0.24051489999999998,0.15268302,-0.14613143,-0.025417786,0.08745739,0.99571586,5
-0.15322891,1.3718776000000001,9.181764,-0.2660563,0.13352695,-0.1833793,-0.024558045,0.09576343,0.99476075,5
-0.18914193,1.4341268999999999,9.011775,-0.26286364,0.08137993,-0.11633313,-0.03838579,0.10285513,0.9932095999999999,3
-0.8475474000000001,1.8602947,9.277532,-0.3724788,0.29103228,-0.11101199999999999,-0.025132585,0.09199412,0.9944683000000001,4
-0.49081135,1.3024458,9.165004,-0.28414813,0.12714161,-0.14293875,-0.026108745,0.09244424,0.99367476,5
-0.37349546,1.4101848999999997,8.693346,-0.23306532,0.18993089,-0.0982413,-0.027902346,0.099527545,0.99233264,6
-0.272939,1.4293385,8.566454,-0.21603772,0.013269514,-0.08121369,-0.03205851,0.11113049,0.9904988000000001,8
-0.37588966,2.2768857000000002,8.573636,-0.20965236,0.085636824,-0.09504862,-0.027821051,0.12252861,0.9894504999999999,4
-0.6368576,2.0638018,8.805874000000001,-0.27350587,0.15055457,-0.17592973,-0.032377996,0.120249,0.9893029000000001,7
-0.62249243,1.685518,9.129091,-0.3256529,0.079251476,-0.15890212,-0.032750305,0.11087818,0.9890211,5
-0.5578489999999999,1.7645266,8.461109,-0.2649921,0.013269514,-0.20466381,-0.03926245,0.11760511,0.9873525,8
-0.81642276,1.9560628,9.112331,-0.21816617,0.1399123,-0.07589257,-0.026070042999999998,0.10136128,0.99328667,4
-0.38307226,1.7357962,8.844180999999999,-0.278827,0.21653652,-0.23446211,-0.027001307999999998,0.09373573,0.99339205,7
-0.31603462,1.5658079,9.02614,-0.37779993,0.044132045999999994,-0.22275564,-0.023440008999999998,0.09448937,0.9923252,5
-0.21787235,1.3311761999999998,9.085996000000002,-0.25541407,0.06860922,-0.12697537,-0.028925614,0.09563531,0.99096876,8
-0.27533320000000006,2.0781669999999997,8.882488,-0.32033178,0.010076843,-0.15038833,0.0063452264,0.104323626,0.9945149,4
0.49559975,1.7262194,8.817844000000001,-0.092587605,0.22079343,-0.09185594,-0.00065692485,0.1072807,0.99404687,9
0.24660277,1.9800048,8.750807,-0.20752391,0.16545372,-0.04077314,-0.015664387,0.12850271,0.9913828000000001,7
-0.076614454,1.7501613999999999,8.856152999999999,-0.1766614,0.09308641,-0.11101199999999999,-0.02532138,0.12837522,0.9910549999999999,3
-0.1412579,1.7381904,8.882488,-0.20113857,0.29741764,-0.047158487,-0.0126201315,0.08909676,0.9959223,5
-0.5315128,1.5993267,9.090784,-0.1766614,0.23356412,-0.06737877,-0.02852193,0.10320129,0.9941940999999999,5
-0.050278235,1.7860744999999998,8.9998045,-0.396956,0.10053598,-0.1195258,-0.033661366,0.11359899,0.9929205,4
0.062249242999999996,1.6591818,9.0716305,-0.2022028,0.10372865,-0.08014947,-0.03045692,0.10884434,0.9932065000000001,3
-0.3184288,0.6703765,9.528922999999999,-0.41185516,0.06648077,-0.08972749,-0.022281982000000002,0.03690071,0.998817,6
-0.5410896,0.5386954,8.875306,-0.1766614,0.17822441,-0.15464523,-0.031809766,0.056685347000000004,0.9972243000000001,0
-0.5770026,0.78529817,9.390058999999999,-0.31075376,0.10372865,-0.13761763,-0.04945498,0.07715568,0.9951296000000001,4
-0.20829555,0.79008657,8.717288,-0.27137744,-0.0974099,-0.16528748,-0.048954014000000004,0.07734472,0.9947716000000001,2
-0.15801731,2.135628,9.076419,-0.16708337,0.1814171,-0.10143397,-0.030234957000000003,0.13110317,0.99090594,6
-0.08619126,2.2768857000000002,9.385271000000001,-0.29798305,0.11011401,-0.12484692,-0.041885822999999996,0.14378117,0.9887215,3
0.047884032,2.0590134,8.942344,-0.20645970000000002,0.090957955,-0.088663265,-0.0413168,0.14223218,0.9888162,9
-0.4285621,2.0566192,9.102755,-0.18836787,0.16438949,-0.11633313,-0.044191767,0.14770357,0.987707,9
-0.37349546,2.2888567,8.935161,-0.2149735,0.12820584,-0.08121369,0.031411123,-0.12400346,-0.9917549000000001,6
-0.48602295,2.1930888,8.841787,-0.17559716,0.16013259,-0.08227792,-0.040445823,0.13649271,0.98981404,6
-0.45250413,2.2529437999999997,8.983044999999999,-0.1692118,0.14949033,-0.07589257,-0.043982085,0.14481147,0.9884465,3
-0.260968,2.3175871,8.942344,-0.37460726,0.05158162,-0.22594832,-0.05010554,0.15761067,0.9861849,7
-0.37828386,1.0175357,9.770736999999999,-0.18091829,0.10692133,-0.12165425,-0.025131814,0.05905697,0.9974781999999999,6
-0.58897364,0.91219085,8.949525999999999,-0.16495492,0.16545372,-0.12591115,-0.033006757000000005,0.07447399,0.99582356,6
-0.4285621,0.9935937,9.054871,-0.15750533,0.13671963,-0.10994777,-0.036212042,0.08536781,0.9945738000000002,5
-0.34237084,1.1061212,9.224859,-0.20433125,0.114370905,-0.11633313,-0.040563483,0.08887285,0.9937912,2
-0.22984336,1.8076223000000002,8.956709,-0.28946924,0.13139851,-0.034387786000000004,0.017372908,-0.094006404,-0.99541897,7
-0.24899697,1.5586253,9.255983,-0.22561574,0.12182048,-0.07376411599999999,-0.016884394,0.09484399,0.9953351,0
-0.34237084,1.5562311000000002,8.844180999999999,-0.23945068,0.23994946,-0.13761763,-0.03071833,0.11072306,0.9933617,2
-0.033518825,1.7262194,8.983044999999999,-0.23945068,-0.00588654,-0.09611285,-0.03287339,0.11195336,0.9930620000000001,3
-0.93613285,2.0973208,8.449138,-0.236258,0.22717878,-0.15464523,0.085294284,-0.13392042,-0.98687637,7
-0.90261406,2.1092918,9.021352,-0.36396503,-0.2283096,-0.31108633,0.09998837,-0.13672525,-0.9850186,1
-0.9888053,1.8938134999999998,9.069236,-0.28734082,-0.053776674000000003,-0.18018663,0.096505016,-0.1231835,-0.9876288000000001,3
-1.091756,1.532289,8.844180999999999,-0.2234873,0.15587568,-0.15570946,-0.091257095,0.11471111,0.98919773,9
-0.04070143,2.3822308,8.920795,-0.27776277,0.3006103,-0.018424407,-0.0151927285,0.10925599999999999,0.99384755,7
-0.12210429,1.9081788,8.640674,-0.27031320000000003,-0.013336115,-0.21104917,-0.020885212,0.11717895,0.99276847,2
-0.19871874,1.8626889,9.088389,-0.24902870000000002,0.1399123,-0.10462664,-0.021188566000000002,0.113201916,0.99275655,0
-0.1388637,2.1380222,9.246407000000001,-0.28414813,0.21653652,-0.06950721,-0.029966452999999997,0.13641037,0.98970586,4
0.035913024,2.0518308000000003,8.865729,-0.29372615,0.14949033,-0.10675509,-0.023559913,0.1062875,0.994017,7
0.07182605,1.7405846,9.387665,-0.29585459999999997,0.08244415,-0.16422325,-0.025167137000000003,0.10307929,0.99420285,2
-0.21547815,1.5442601,8.803479,-0.27669856,0.12927006,-0.16741593,-0.028321961,0.105100095,0.99366283,3
-0.110133275,1.3934253,9.040505,-0.25541407,0.11543513,-0.123782694,-0.027389043999999998,0.10317878,0.99334854,9
0.31364042,2.6503813,8.568848,-0.19156054,0.19950892,-0.06312186,0.00983783,0.13747515,0.99025035,7
0.26815059999999996,2.3535004,8.810661999999999,-0.26818475,0.13352695,-0.11633313,0.00043464074,0.14430179999999998,0.98907036,2
0.035913024,2.4253263,8.836999,-0.18198252,0.29209650000000004,-0.079085246,-0.006811477,0.15050758,0.98791784,5
-0.0047884034,2.2697031,8.851364,-0.26924899999999996,0.15161878,-0.09079172,-0.008859903,0.15581752,0.9867632,8
0.46447513,2.4420857000000002,8.817844000000001,-0.26712054,0.19950892,-0.054608062,0.0074697109999999995,0.13058412,0.9908961,7
0.28012159999999997,2.2505496,8.528147,-0.22880843,0.026040219,-0.16741593,-0.001566192,0.13914368,0.9893895,2
0.11731588,2.171541,8.566454,-0.2107166,0.1697106,-0.20466381,-0.004836185,0.13919052,0.98883057,6
0.22266077,2.2433669999999997,8.822633,-0.19475323,0.07180189999999999,-0.07163566,-0.010674358,0.14363551,0.98792386,9
0.34955344,2.1667526,8.89446,-0.15750533,-0.042070188,-0.21424185,-0.0016867756,0.14675933,0.98674756,8
-0.050278235,2.6910827,8.944737,-0.2990473,0.21653652,-0.039708912,0.020111952,-0.136571,-0.9904207,7
-0.37110126,2.2768857000000002,8.956709,-0.10855098,0.099471755,-0.11633313,-0.029574236,0.13902093,0.98983437,3
-0.17717093,2.4684220000000003,9.275136999999999,-0.21816617,0.22079343,-0.07057144,-0.032868125,0.15040907,0.98803633,7
-0.5793968,2.2864625,8.932767,-0.21603772,0.10692133,-0.13974607,-0.043497756,0.1553704,0.98671466,3
-0.011971008,1.6496049,9.19134,-0.26818475,0.25059173,-0.04077314,-0.009838527,-0.08116764,-0.996557,7
0.37349546,1.4317327,9.01417,-0.28414813,0.14629766,-0.14187452,-0.008421438,-0.08409595,-0.9963841,3
0.29448682,1.2856863,8.7053175,-0.14473464,0.17503174,-0.10781932,-0.006297805300000001,-0.08865299,-0.99604267,9
0.076614454,1.661576,8.604761,-0.31607488,0.08350837,-0.18018663,0.009408256,-0.11226231,-0.99360436,4
-0.12210429,2.3319526,9.258378,-0.25860673,0.20695850000000002,-0.17167284,0.02957998,-0.12492286400000001,-0.99169743,7
-0.61291564,2.2529437999999997,8.925583999999999,-0.24690025,0.08137993,-0.19082889,-0.037651908,0.13017543,0.9907548,3
-0.48362875,2.1930888,8.626308,-0.20752391,0.17716019,-0.038644686,-0.039706375,0.13587943,0.9897896,9
-0.44771573,2.2984335,8.949525999999999,-0.29798305,-0.03249217,-0.32492125,-0.042234823,0.14910062,0.98777723,4
-0.14844051,2.3056161,8.832211000000001,-0.236258,0.25272018,-0.04609426,0.0038913942,0.114425346,0.99245894,7
-0.17717093,2.2218192,9.181764,-0.34906587,0.16226104,-0.19189312,-0.0073186425,0.12714079,0.9908959,4
-0.04309563,1.9440918000000003,9.255983,-0.4224974,0.047324724000000006,-0.28660914,-0.008686695,0.12295128400000001,0.9904164000000001,2
0.10534488,1.8052281000000003,8.949525999999999,-0.12877126,0.03668247,-0.13974607,-0.011408314,0.12065715,0.9900401,3
0.2896984,2.219425,9.0237465,-0.31394643,0.20695850000000002,-0.11633313,0.0024949705999999998,0.12046226,0.99249244,7
-0.16759412,2.2337902,8.841787,-0.20645970000000002,-0.12188708,-0.04609426,-0.008423978,0.12793176,0.9913295,4
0.023942016,1.6352396999999999,9.02614,-0.42888275,-0.00588654,-0.2589393,-0.0069056153,0.1216578,0.9917559000000001,5
0.25378537,1.6160861,8.848969,-0.18623942,0.1016002,-0.17699395,-0.0183874,0.115940385,0.9917659,6
0.7182605,2.566584,8.813056,-0.32033178,0.14204076,-0.20253536,0.029167905,0.13843540000000001,0.98964375,7
0.50038815,2.5474305,8.978256,-0.3001115,0.07393035,-0.23871902,0.015884828,0.15109427,0.9878718000000001,4
0.4285621,2.4229321,8.932767,-0.25009292,0.15693991,-0.11314045,0.014134952,0.15349019,0.98711264,5
0.49799395,2.5115175,8.836999,-0.26073518,0.1016002,-0.18018663,0.010095441,0.15160586,0.9863384,6
-0.40701428,2.2864625,9.272743,-0.24690025,0.11330668,-0.014167506000000002,0.0055105737,0.11718399,0.99272394,7
0.05746084,2.2625206,8.987833,-0.33948785,0.08137993,0.0017958693,-0.0076598735,0.12471171,0.9917200999999999,4
-0.055066638,2.0949266,9.150639,-0.23838645,0.2750689,-0.058864966,-0.010200183,0.12205215,0.99164325,5
0.074220255,1.8195933000000002,9.021352,-0.22774419,0.20695850000000002,-0.08653482,-0.007806939000000001,0.10869209,0.9921594000000001,6
-0.30406362,2.6024973,8.686164,-0.21390927,0.29741764,-0.09292017,-0.015587667,0.13259956,0.990101,7
-0.36391866,2.3463178,8.803479,-0.29479040000000006,0.09521485,-0.20785649,-0.021230972999999997,0.13611099999999998,0.9892099,4
-0.25617957,1.9488802,9.01417,-0.38099262,-0.06441892,-0.26851732,-0.016939092,0.12779497,0.9893002000000001,5
-0.107739076,1.9967641999999999,9.150639,-0.24370758,0.05158162,-0.21530606,-0.017880216,0.12622476,0.98877615,8
-1.3623008,2.0949266,8.808268,-0.29479040000000006,0.13884808,-0.12697537,0.08860406,-0.11268654,-0.9883351999999999,7
-1.2401965,2.1787236,8.978256,-0.27563432,0.13565539999999998,-0.15570946,0.101933934,-0.12362179,-0.9861964,4
-1.1947067,1.7884687,9.241617999999999,-0.2745701,0.114370905,-0.10994777,0.09694365,-0.12000199,-0.98787796,6
-1.0007763,1.7262194,8.808268,-0.24902870000000002,0.10053598,-0.12165425,0.09487932,-0.11751277,-0.9885111999999999,9
-0.3854665,1.6424223000000002,9.119514,-0.34161627,0.107985556,-0.13442495,-0.03285802,0.09308835,0.99486226,7
-0.39025488,1.5251063999999999,9.337387,-0.3884422,-0.095281444,-0.17805818,-0.041372944,0.102041245,0.993453,4
-0.45968673,1.2210428999999998,9.469068,-0.44058925,-0.048455544,-0.27596688,-0.038859602,0.09331895400000001,0.9934023999999999,8
-0.35434186,0.9672575000000001,8.813056,-0.20965236,0.12075625,-0.09079172,-0.037590623,0.086768195,0.99330544,9
-0.24660277,2.0638018,8.851364,-0.2990473,0.26549090000000003,-0.11633313,0.02608962,-0.1215154,-0.9922004000000001,7
-0.2873042,2.0590134,8.882488,-0.3128822,-0.14636427,-0.27596688,0.03570422,-0.12550344,-0.99144274,4
0.1412579,1.5705963,8.592789999999999,-0.24690025,0.25591284,-0.09504862,-0.016265383,0.111264765,0.99332005,9
0.16759412,1.541866,8.882488,-0.24902870000000002,0.31550947,-0.07802102,-0.019230798,0.11461049,0.99271727,9
-0.45010993,0.8858546,8.978256,-0.23838645,0.14416921,-0.14825988,-0.027496014,0.053373855,0.99727744,7
-0.5410896,0.7565677,9.299078999999999,-0.22029462,0.16438949,-0.114204675,-0.03558333,0.05554714400000001,0.9965429,5
-0.39264908,0.81402856,8.892064999999999,-0.1766614,0.19205934,-0.10994777,-0.042766068,0.06812999,0.9949790999999999,8
-0.35673606,0.89782566,9.018958,-0.21816617,0.14842612,-0.11526889999999998,-0.045356676,0.07173078,0.9939104,0
0.21547815,2.492364,8.664616,-0.2660563,0.19312356,-0.10675509,-0.002685204,0.13967003,0.98916936,7
0.17477672,2.111686,9.155427,-0.3724788,0.05583852,-0.13442495,-0.0028037776,0.13462016,0.98896986,5
-0.21308395,2.0231004,8.477867999999999,-0.20113857,0.18354553,-0.16848016,-0.010681972,0.13841167,0.98784244,8
-0.023942016,2.0207062,8.805874000000001,-0.20433125,0.16013259,-0.12910382,-0.012350838999999999,0.14075571,0.9866706000000001,0
-0.46686932,2.5115175,8.820239,-0.27350587,0.056902747999999996,-0.05035116,-0.02306859,0.12549552,0.991246,7
-0.4309563,1.9560628,8.853758000000001,-0.354387,-0.100602575,-0.19402157,-0.025038416,0.13126336,0.9897833,5
-0.45729253,1.9823990000000002,9.227253,-0.28308392,0.111178234,-0.1748655,-0.032508325,0.13385259,0.98863065,8
-0.33279404,1.9560628,8.829816000000001,-0.26073518,0.111178234,-0.1450672,-0.03448182,0.13526742,0.9878144,3
-0.5410896,2.492364,8.992621,-0.2745701,0.13352695,-0.093984395,0.04683191,-0.1364151,-0.9895424999999999,7
-0.7015011,2.3606830000000003,8.832211000000001,-0.17772561,0.17290328,-0.12591115,-0.055005446,0.14377797,0.9880462999999999,5
-0.82360536,2.3008277,8.930372,-0.35757968,0.18035287,-0.16848016,-0.058575228,0.14623863,0.98732483,8
-0.82599956,1.8986019,9.397242,-0.23306532,0.122884706,-0.17167284,-0.0623557,0.13389061,0.98836726,9
-0.60573304,1.9201498,8.937555,-0.2649921,0.070737675,-0.1450672,-0.033177517000000004,0.09838543,0.9933394,7
-0.50278234,1.4508862,8.667010000000001,-0.5214702999999999,-0.1612634,-0.21104917,-0.02533232,0.09283586,0.99329764,5
-0.22984336,1.4867992,9.339781,-0.14473464,0.21121539,0.12418176,-0.025990931000000002,0.10356042,0.9918461999999999,9
-0.050278235,1.8531121,8.9998045,-0.37779993,0.079251476,-0.16741593,-0.03225503,0.12186856,0.99038637,4
0.34955344,1.5394716999999998,8.89446,-0.3331025,0.060095422,-0.13761763,-0.021503998,0.11101886,0.99057424,3
0.39743748,2.2409727999999998,8.441956,-0.18198252,0.15374723,-0.001396805,0.0038045626000000003,0.11305575,0.99345165,7
0.29448682,1.9512744,8.688558,-0.28840503,0.22185764,-0.15038833,-0.0009404574,0.118564166,0.9927135,7
-0.11252748,2.0661959999999997,8.987833,-0.18943208,0.12394893,-0.04609426,-0.011019571,0.11946536,0.9922247,3
0.30645782,2.1260512,9.021352,-0.20433125,0.20483005,-0.018424407,-0.018951463,0.12778299,0.9909155000000001,3
-0.18435353,2.7748797,8.686164,-0.27776277,0.12927006,-0.07589257,-0.018199833000000002,0.1490905,0.987856,7
-0.2825158,2.4636335,8.947132,-0.40121290000000004,0.053710073,-0.18870044,-0.020975756,0.14328343,0.9877968,8
-0.22026655,2.3750482,8.554482,-0.14686309,0.12927006,-0.16209479999999998,-0.023238184,0.14859945,0.98617685,0
-0.38067806,2.1787236,8.865729,-0.25860673,0.029232897,-0.20040691,-0.023521284,0.1540456,0.98472226,0
-0.29448682,2.5450362999999996,8.9998045,-0.29372615,0.25591284,-0.088663265,0.019283654,-0.12278392,-0.9922198,7
-0.033518825,1.9752164,8.820239,-0.25541407,0.10372865,-0.13442495,-0.014486931000000002,0.11998048,0.9926145000000001,8
0.038307227,1.958457,8.786719999999999,-0.22029462,0.15481146,-0.0982413,-0.01876325,0.12551345,0.99175304,0
-0.011971008,2.1404164,8.872911,-0.13728505,0.261234,-0.13548918,-0.031072985,0.134998,0.99021685,2
-0.26336220000000005,2.4420857000000002,8.935161,-0.27989122,0.14310499,-0.088663265,-0.032119657999999995,0.13117163,0.9907885000000001,7
-0.56982,2.3558946,8.769960000000001,-0.19475323,0.18354553,-0.11526889999999998,-0.039337322,0.1391569,0.98931944,8
-0.48123455,2.4588451,8.832211000000001,-0.2107166,0.17822441,-0.21317762,-0.045244038,0.14982769,0.9874337,4
-0.33997664,2.327164,8.990228,-0.32671714,-0.039941736,-0.32598546,-0.044455352999999996,0.14650135,0.9873738000000001,3
-0.32800564,2.3535004,8.978256,-0.27031320000000003,0.21334384,-0.13123228,-0.015945734,0.12878622,0.99135196,7
-0.16998832,2.219425,9.13388,-0.19901012,0.21972919,-0.09079172,-0.020190323,0.130658,0.99083984,8
-0.35194764,2.3056161,8.978256,-0.2990473,0.10372865,-0.23659056,-0.026207004,0.1372594,0.98944855,8
-0.31124622,2.1308396000000003,8.686164,-0.24477181,0.11969203,-0.09504862,-0.031093447000000003,0.13882361,0.98845804,9
-0.62728083,2.2290018,9.524135000000001,-0.278827,0.21227962,-0.038644686,0.023396567000000004,-0.10802859,-0.9938708,7
-0.5482722,1.6328455,8.724471000000001,-0.44591033,0.033489793999999996,-0.21637028,-0.02290475,0.10651643599999999,0.9939745999999999,8
-0.30885202,1.5753847,8.9040365,-0.14579886,0.065416545,-0.1450672,-0.029503292999999996,0.106732115,0.9936286,9
-0.24660277,1.7286136000000003,8.784326,-0.25860673,0.15693991,-0.13442495,-0.037478443,0.11795164,0.99200827,5
-0.29448682,2.0661959999999997,9.124303,-0.38631374,0.059031195999999994,-0.15251678,0.036024846,-0.10608422,-0.9936302,7
-0.50038815,1.7884687,9.344569,-0.34693742,-0.0026938617,-0.16528748,-0.034704402,0.1046895,0.9938822,8
-0.12449849,1.400608,8.9758625,-0.11387211,0.17928864,-0.13336073,-0.025111,0.096972615,0.9945751,9
0.10055647,1.4628572,8.872911,-0.22774419,0.21015117,-0.14081029999999997,-0.025892865,0.1062501,0.9934006999999999,6
-1.2641385,1.6352396999999999,8.968679,-0.26818475,0.14310499,-0.10143397,0.0989008,-0.080322176,-0.98892695,7
-1.271321,1.1947067,9.442732000000001,-0.30968952,-0.12401553,-0.22701254,0.090673216,-0.07014065,-0.99220246,8
-0.8714894,0.830788,8.9998045,-0.12770703,0.07712302,-0.09079172,0.07646425,-0.06587428,-0.9946318000000001,9
-0.866701,0.8762778,9.234436,-0.22029462,0.08031569999999999,-0.088663265,0.08178549,-0.07372697,-0.99381864,6
-0.24899697,2.5809495,8.535328999999999,-0.38737798,0.15481146,-0.16741593,0.021448052999999998,-0.13665748,-0.9903596,7
-0.39264908,2.1404164,9.121908,-0.22880843,0.15906836,-0.09185594,-0.023675991,0.13671672,0.9903238000000001,9
-0.37349546,2.2720973,8.477867999999999,-0.2234873,0.21227962,-0.022681307,-0.02814836,0.14998358,0.9882757999999999,0
-0.08140286,2.3606830000000003,8.626308,-0.19049633,0.19312356,-0.12059002,0.03514799,-0.15909058,-0.9866381,5
0.50517654,2.5833437000000004,8.580819,-0.24051489999999998,0.14204076,-0.13123228,0.009115136999999999,0.13998435,0.9895879000000001,7
0.5722142,1.7788918999999999,9.155427,-0.19049633,0.060095422,-0.13016805,0.006837135,0.112214476,0.9907785,9
0.50278234,2.0015526,8.860941,-0.17027605,0.11756358,-0.16103058,0.007867423,0.13280755,0.9884289,0
0.6607997,2.2984335,8.748413000000001,-0.25434983,0.0973433,-0.13229649999999998,-0.0010322124000000002,0.14844772,0.9864676,5
0.10055647,2.123657,8.690952000000001,-0.31607488,0.107985556,-0.13442495,-0.0043336754,0.10399374,0.99453163,7
0.21547815,1.7645266,9.215282,-0.17985407,0.16226104,-0.085470594,-0.003231727,0.10128107,0.99468166,9
0.16759412,1.7717092,8.74123,-0.19475323,0.15374723,-0.13016805,-0.020748107,0.12133551,0.99227965,5
0.17477672,1.7429788,9.069236,-0.2660563,0.15906836,-0.19189312,-0.025055232,0.12941806,0.9910613000000001,2
-1.0893618,2.3894134,9.885659,-0.24477181,0.77312624,-0.10356242,0.016318254,-0.12419709599999999,-0.9920691999999999,7
-0.0047884034,1.9345150000000002,8.930372,-0.19262478,0.17290328,-0.07057144,-0.0055766525,0.11123207,0.99366367,9
-0.18435353,2.1452047999999997,9.006986999999999,-0.12877126,0.25484863,-0.09611285,-0.01844961,0.12505823,0.99184746,6
-0.25139117,1.99437,9.016563,-0.35651544,0.17290328,-0.20785649,-0.023655295,0.13688137,0.9901087,3
0.23942018,2.6072857000000003,8.844180999999999,-0.28840503,0.11862781,-0.08227792,0.009259546,0.13732028,0.9904641,7
0.7134720999999999,2.1188686000000003,8.427589999999999,-0.12664281,0.22717878,-0.07802102,0.021535932999999997,0.1334516,0.9904553,9
0.47644615,2.1140802000000005,8.784326,-0.17772561,0.21334384,-0.10675509,0.008427779,0.14058104,0.9894891,6
0.4285621,2.2218192,8.880094999999999,-0.28414813,0.14949033,-0.12910382,0.0013413760999999998,0.15312068,0.9876778,5
-0.18674773,2.3558946,8.860941,-0.19688167,0.16332527,-0.093984395,0.019401899,-0.12897599,-0.99143904,8
-0.090979666,2.44448,8.985439,-0.19581744,0.15693991,-0.08653482,0.025896242000000003,-0.1396691,-0.9898385000000001,5
-0.26336220000000005,2.60968,8.949525999999999,-0.23093687,0.17503174,-0.1365534,0.034729652,-0.14912546,-0.9882053,2
-0.28491,2.3056161,8.911219000000001,-0.20965236,0.10585710400000001,-0.14400297,-0.035489477,0.15030459,0.98789126,0
-0.18674773,2.540248,8.623915,-0.18411097,0.21760075,-0.1280396,-0.010264087,0.13966547,0.98904955,8
-0.15801731,2.6240451,8.667010000000001,-0.2660563,0.19205934,-0.13336073,-0.01995977,0.15322305,0.9868703999999999,7
-0.34237084,2.4708161,8.7125,-0.25222138,0.090957955,-0.16209479999999998,-0.021602405,0.15280965,0.9858334999999999,5
-0.25378537,2.315193,8.592789999999999,-0.20965236,0.099471755,-0.20040691,-0.022772761000000002,0.15691966,0.9845004999999999,0
-0.49081135,0.61052144,9.131485000000001,-0.2532856,0.20589426,-0.11846157,-0.04945319,0.06726010000000002,0.9958117,8
-0.45729253,0.6536171,8.937555,-0.22667998,0.17183906,-0.13442495,-0.054453522000000004,0.07651681,0.9944844,8
-0.38067806,0.8331822,8.774749,-0.3245887,0.03455402,-0.14825988,-0.05983263,0.082395785,0.9935169,2
-0.272939,0.79248077,9.457097000000001,-0.18943208,0.065416545,-0.12059002,-0.042760400000000004,0.06989358,0.9936016,9
-0.272939,2.4396915,8.652645,-0.20539546,0.26974776,-0.14613143,-0.006276495799999999,0.14785839999999997,0.98741597,8
-0.17477672,2.4851813,8.2169,-0.15750533,0.22185764,-0.12271847,-0.013538066000000001,0.16040201,0.9848540000000001,8
-0.23942018,2.6024973,8.8777,-0.24264336,0.2154723,-0.09079172,-0.020012548,0.1689267,0.98305434,7
-0.30166942,2.5139117000000004,8.564059,-0.24690025,0.08670105,-0.23446211,-0.026841419,0.17215419,0.9815453000000002,2
0.0023942017,2.0015526,9.078813,-0.23732223,0.10479288,-0.21424185,-0.0037346333000000003,0.11108439,0.99240917,8
0.260968,1.8722657,8.482656500000001,-0.12770703,0.19205934,-0.08227792,-0.0036239945,0.10982424,0.99161744,9
0.45250413,1.8818424999999999,9.3661175,-0.25115716,0.14416921,-0.045030035,-0.005463598,0.11955388,0.9906171,5
0.007182605,1.7022773999999998,8.463503,-0.25115716,0.12607738,-0.12910382,-0.01711336,0.12329564,0.98942566,6
0.08140286,1.8794483,9.040505,-0.32884559999999996,0.34850043,0.035851073,0.0059356782999999995,0.09329531,0.9950084000000001,8
0.17956513,1.4508862,9.016563,-0.12557858,0.14310499,-0.08759904,-0.004895248499999999,0.095191166,0.9943472,9
0.07182605,1.5155296,8.803479,-0.18304674,0.08882949999999999,-0.07376411599999999,-0.007111551,0.1063863,0.992957,6
0.059855044,1.6424223000000002,8.734048,-0.33097404,0.10904978,-0.15038833,-0.012979263999999999,0.12074834,0.9912690000000001,2
-0.1388637,2.2457612,8.978256,-0.4001487,-0.07612539,-0.32917815,-0.0031561605,0.1379108,0.9886065999999999,8
0.24181437,2.2409727999999998,8.738836000000001,-0.2107166,0.13139851,-0.10994777,-0.0041249506,0.14093213,0.9863105999999999,9
0.076614454,2.2649147999999997,8.497022,-0.18623942,0.14310499,-0.08972749,-0.008752793,0.14971663,0.98445237,9
-0.038307227,2.291251,8.700529,-0.21178082,0.17077485,-0.14825988,-0.017945103,0.16440035,0.98241484,5
-0.18914193,0.6679823,9.176975,-0.13409239,0.057966974000000004,-0.16209479999999998,-0.028400641,0.05575357400000001,0.9970584000000001,9
-1.0319009,0.9696517,9.059659,-0.25222138,0.035618246,-0.23765479,-0.07105955,0.09267365,0.9926365,1
-0.58418524,0.866701,8.875306,-0.28414813,-0.02397836,-0.22594832,-0.060752723,0.08421047,0.9931733,2
-0.5434838000000001,0.89064306,9.49301,-0.28521237,0.12394893,-0.1493241,-0.0554105,0.0737277,0.9932131999999999,3
-0.24420857,3.0669725,8.6095495,-0.15750533,0.22824299999999997,-0.108883545,-0.009566122,0.16353078,0.98446566,9
-0.533907,3.004723,8.978256,-0.45868105,-0.053776674000000003,-0.2898018,-0.03128123,0.18779403,0.9803861999999999,1
-0.47405192,2.9807810000000003,8.659827,-0.18198252,0.2027016,-0.058864966,-0.04036749,0.18785882,0.9792026,3
-0.5554548,2.9113493,8.391677,-0.2320011,0.04093937,-0.23126945,-0.037890144,0.19799633,0.97755796,7
-0.5746084,1.364695,9.272743,-0.16708337,0.09202218,-0.09185594,-0.036452606,0.08310632400000001,0.9958693000000001,9
-0.60094464,1.2785037000000001,9.289502,-0.23306532,0.15268302,-0.15038833,-0.03504431,0.09866091,0.99444526,5
-0.6991069000000001,1.4556746,8.978256,-0.27563432,0.10904978,-0.11314045,-0.050545618,0.10900812,0.9927031999999999,4
-0.38067806,1.412579,9.19134,-0.30117574,0.17396751,-0.15464523,-0.050370824,0.11300652,0.9920561,7
-0.22744916,1.9536686,9.0237465,-0.20858815,0.13565539999999998,-0.05035116,-0.02741437,0.11748008,0.9926280999999999,9
-0.40701428,2.006341,8.74123,-0.18304674,0.19738047,-0.12059002,-0.036244925,0.1333039,0.99030036,6
-0.5578489999999999,2.1045034,8.724471000000001,-0.1766614,0.17396751,-0.08121369,-0.04429317,0.14230418,0.98869044,3
-0.6512229,2.1380222,8.887277000000001,-0.23412955,0.13139851,-0.12165425,-0.047951397,0.15281054,0.98692834,2
-0.5243302,2.1260512,9.006986999999999,-0.24583602,0.12820584,-0.17592973,-0.049478192000000004,0.15461074,0.9863985000000001,5
0.34955344,1.2138603000000001,8.9758625,-0.19156054,0.2580413,-0.07269989,-0.0015836174,-0.076205336,-0.9970532,9
0.32321724,1.2593501,9.299078999999999,-0.21710195,0.13565539999999998,-0.05780074,0.010598116999999999,-0.090807185,-0.99581105,6
-0.023942016,1.3982137,8.714894000000001,-0.12877126,0.25059173,-0.03332356,0.019222891000000002,-0.10977560000000001,-0.9937703999999999,3
-0.17477672,1.4101848999999997,9.301474,-0.33203825,0.042003594000000005,-0.1950858,-0.023167197,0.11516977,0.9930754999999999,2
0.42377370000000003,1.9728221999999997,9.033323,-0.1692118,0.20802271,-0.12059002,0.013762364,0.11683734,0.99108046,9
0.08379706,2.0254946,8.717288,-0.1766614,0.14204076,-0.09717707,-0.0012180100999999999,0.13535996,0.98798776,6
-0.016759411999999998,2.2697031,8.942344,-0.15963379,0.16651794,-0.0982413,-0.016054261,0.15518706,0.9846358000000001,3
0.021547815,2.2457612,8.659827,-0.38205683,0.012205288,-0.21956296,-0.017735663999999998,0.16443911,0.98328274,2
0.61291564,1.9608511999999998,8.779537,-0.18304674,0.16332527,-0.10143397,0.026052749,0.12491897,0.99139136,9
0.22026655,2.135628,8.9279785,-0.058532402000000004,0.14204076,-0.06312186,0.01322394,0.14167328,0.9894049000000001,6
0.17956513,2.1380222,8.5473,-0.17453295,0.20057315,-0.05035116,0.0014834798999999999,0.1510489,0.98826283,3
0.4213795,2.2601264,8.607155,-0.24902870000000002,0.08137993,-0.21104917,-0.0033499994,0.16009462,0.9869048,2
0.23223756,1.6136919,9.165004,-0.18623942,0.18993089,-0.079085246,0.0040162927,0.08719808,0.9948495,9
-0.33039984,1.7764976000000003,9.753978,-0.27244166,0.24207792,-0.055672288,-0.007549255,0.10263391,0.9934907,7
0.079008654,1.7381904,9.16261,-0.20539546,0.17077485,-0.099305525,-0.013748388,0.10664414,0.99269044,2
-0.12449849,1.6543933000000002,9.13388,-0.21923040000000002,0.032425567999999995,-0.1365534,-0.021558907000000002,0.10964038,0.9915735999999999,3
0.04309563,1.7262194,8.755595,-0.14792731,0.20163736,-0.13123228,-0.016992955,0.10196363,0.9941795,9
-0.37828386,2.0685901999999996,9.390058999999999,-0.35013008,0.11330668,-0.058864966,-0.028577857,0.11769712,0.99230444,7
-0.18435353,1.7908629,8.911219000000001,-0.20539546,0.18248132,-0.05992919,-0.04019486,0.12282559,0.9911610999999999,3
-0.18914193,1.733402,8.959103,-0.22880843,0.0973433,-0.13442495,-0.051034782,0.1264626,0.99022216,2
-0.11971009,2.8491,8.918402,-0.21816617,0.21334384,-0.0982413,-0.003757307,0.15748794,0.9852093000000001,9
-0.20590134,2.8874072999999996,8.724471000000001,-0.30330419999999997,0.18354553,-0.15038833,-0.019388301,0.18036251,0.98130304,7
-0.49081135,2.7605145,8.623915,-0.19156054,0.16545372,-0.11526889999999998,-0.033850368,0.18344343,0.9794495000000001,3
-0.33279404,2.765303,8.6334915,-0.28521237,0.19418779,-0.12697537,-0.031496525,0.19312444,0.9772711,2
-0.17477672,0.6488286999999999,9.224859,-0.06491774,0.21015117,-0.16315903,-0.018229753,0.030666082999999997,0.9966562,9
-0.30885202,1.0007763,9.41879,-0.29691884,0.26761934,-0.018424407,-0.036573153,0.056754027,0.9948756999999999,7
-0.6464345,0.8547299999999999,8.868122999999999,-0.22029462,0.3048672,-0.051415388,-0.050176002000000004,0.070623584,0.99321806,4
-0.9696517,1.043872,8.954314,-0.2107166,0.10053598,-0.1493241,-0.057705387000000004,0.08256924,0.9908139000000001,1
-0.13407529999999998,2.1811178,9.064447,-0.22455153,0.12182048,-0.08759904,0.029457467,-0.1259614,-0.9915893,9
-0.49799395,2.3654714,9.0476885,-0.27563432,0.31125256,-0.012039058,0.03610145,-0.14141588,-0.98928493,7
-0.45010993,2.1499932,9.334992,-0.23732223,0.08350837,-0.09185594,-0.050071715999999995,0.14454539,0.98822325,6
-0.59136784,2.2074540000000002,9.471461999999999,-0.2990473,0.070737675,-0.15890212,-0.050224055,0.14758919,0.98767155,6
-0.4429273,2.2050598,8.475474,-0.17559716,0.19418779,-0.12697537,-0.014201105,0.13623363,0.98918873,9
-0.19871874,2.3798366,8.6334915,-0.20326702,0.20163736,-0.10781932,-0.02227474,0.14978124,0.9871675999999999,8
-0.17477672,2.3918076,8.760384,-0.27031320000000003,0.15587568,-0.13123228,-0.03144336,0.16295359,0.98468804,7
-0.18435353,2.3463178,8.707711,-0.24264336,0.16332527,-0.15038833,-0.03335025,0.16508994,0.98354745,5
0.093373865,1.3838485,8.801085,-0.11174366,0.1984447,-0.15358101,0.01261923,-0.093462795,-0.9955425999999999,9
-0.07182605,1.4221559,9.102755,-0.25009292,0.20695850000000002,-0.09292017,0.034124497000000004,-0.10674355,-0.99367607,8
-0.4429273,1.7764976000000003,8.841787,-0.28308392,0.10904978,-0.09079172,0.06063238,-0.11897303,-0.9907130999999999,7
-0.17717093,1.4101848999999997,8.331821000000001,-0.24477181,0.05477429599999999,-0.10994777,0.05261537,-0.11554834,-0.991907,6
-0.36391866,2.0494366000000004,9.155427,-0.22029462,0.17183906,-0.088663265,-0.025248155,0.11445846400000001,0.99310476,9
-0.4381389,2.0374656000000004,8.714894000000001,-0.18836787,0.17716019,-0.13548918,-0.034772746,0.1288349,0.9909855,9
-0.35673606,2.1906946,8.623915,-0.13622084,0.18460977,-0.056736514,-0.041070834,0.13856727,0.98937255,6
-0.48123455,2.1404164,8.556877,-0.22880843,0.1697106,-0.16848016,-0.042447532999999996,0.14872007,0.987814,5
